Trap Name,QR Code,Trap ID,Date,adm2,Lat,Long,Crop,Common Name,Scientific Name,Daily Average Count,Mid Thresh,High Thresh,Incremental Count,Cumulative Count,Actual Count,7 Day Cumulative
PSU_DAUPHIN_CMDAC_APPLES_3,TP862382065579277,6007,5/22/2024,Dauphin,40.2501,-76.7659,Apples,Codling moth,Cydia pomonella,1,0.14,0.43,1,96,60,63
PSU_DAUPHIN_CMDAC_APPLES_3,TP862382065579277,6007,5/19/2024,Dauphin,40.2501,-76.7659,Apples,Codling moth,Cydia pomonella,0,0.14,0.43,0,92,56,62
PSU_DAUPHIN_CMDAC_APPLES_3,TP862382065579277,6007,5/21/2024,Dauphin,40.2501,-76.7659,Apples,Codling moth,Cydia pomonella,1,0.14,0.43,1,95,59,62
PSU_DAUPHIN_CMDAC_APPLES_3,TP862382065579277,6007,5/20/2024,Dauphin,40.2501,-76.7659,Apples,Codling moth,Cydia pomonella,2,0.14,0.43,2,94,58,60
PSU_DAUPHIN_CMDAC_APPLES_3,TP862382065579277,6007,5/18/2024,Dauphin,40.2501,-76.7659,Apples,Codling moth,Cydia pomonella,3,0.14,0.43,3,92,60,59
PSU_DAUPHIN_CMDAC_APPLES_3,TP862382065579277,6007,5/17/2024,Dauphin,40.2501,-76.7659,Apples,Codling moth,Cydia pomonella,2,0.14,0.43,2,89,57,57
PSU_DAUPHIN_CMDAC_APPLES_1,TP862382065585415,6005,5/19/2024,Dauphin,40.2536,-76.7684,Apples,Codling moth,Cydia pomonella,0,0.14,0.43,0,60,39,50
PSU_DAUPHIN_CMDAC_APPLES_1,TP862382065585415,6005,5/20/2024,Dauphin,40.2536,-76.7684,Apples,Codling moth,Cydia pomonella,0,0.14,0.43,0,60,37,50
PSU_DAUPHIN_CMDAC_APPLES_1,TP862382065585415,6005,5/21/2024,Dauphin,40.2536,-76.7684,Apples,Codling moth,Cydia pomonella,0,0.14,0.43,0,60,35,50
PSU_DAUPHIN_CMDAC_APPLES_1,TP862382065585415,6005,5/18/2024,Dauphin,40.2536,-76.7684,Apples,Codling moth,Cydia pomonella,4,0.14,0.43,4,60,41,46
PSU_DAUPHIN_CMDAC_APPLES_1,TP862382065585415,6005,5/17/2024,Dauphin,40.2536,-76.7684,Apples,Codling moth,Cydia pomonella,6,0.14,0.43,6,56,37,41
PSU_DAUPHIN_CMDAC_APPLES_1,TP862382065585415,6005,5/22/2024,Dauphin,40.2536,-76.7684,Apples,Codling moth,Cydia pomonella,2,0.14,0.43,2,62,37,41
PSU_DAUPHIN_CMDAC_APPLES_3,TP862382065579277,6007,5/16/2024,Dauphin,40.2501,-76.7659,Apples,Codling moth,Cydia pomonella,25,0.14,0.43,25,87,55,36
PSU_DAUPHIN_CMDAC_APPLES_1,TP862382065585415,6005,5/16/2024,Dauphin,40.2536,-76.7684,Apples,Codling moth,Cydia pomonella,6,0.14,0.43,6,50,31,35
PSU_DAUPHIN_CMDAC_APPLES_3,TP862382065579277,6007,5/23/2024,Dauphin,40.2501,-76.7659,Apples,Codling moth,Cydia pomonella,0,0.14,0.43,0,96,57,34
PSU_DAUPHIN_CMDAC_APPLES_3,TP862382065579277,6007,5/8/2024,Dauphin,40.2501,-76.7659,Apples,Codling moth,Cydia pomonella,0,0.14,0.43,0,26,19,22
PSU_DAUPHIN_CMDAC_APPLES_3,TP862382065579277,6007,5/9/2024,Dauphin,40.2501,-76.7659,Apples,Codling moth,Cydia pomonella,4,0.14,0.43,4,30,23,22
PSU_BERKS_CMDAC_APPLES_3,TP862382065571126,7647,6/13/2024,Berks,40.3354,-75.6696,Apples,Codling moth,Cydia pomonella,0,0.14,0.43,0,20,17,20
PSU_BERKS_CMDAC_APPLES_3,TP862382065571126,7647,6/14/2024,Berks,40.3354,-75.6696,Apples,Codling moth,Cydia pomonella,1,0.14,0.43,1,21,18,20
PSU_CENTRE_CMDAC_APPLES_3,TP862382065565474,6097,6/28/2024,Centre,40.7598,-77.8813,Apples,Codling moth,Cydia pomonella,0,0.14,0.43,0,55,9,19
PSU_CENTRE_CMDAC_APPLES_3,TP862382065565474,6097,7/1/2024,Centre,40.7598,-77.8813,Apples,Codling moth,Cydia pomonella,0,0.14,0.43,0,56,1,19
PSU_CENTRE_CMDAC_APPLES_3,TP862382065565474,6097,7/2/2024,Centre,40.7598,-77.8813,Apples,Codling moth,Cydia pomonella,0,0.14,0.43,0,56,1,19
PSU_DAUPHIN_CMDAC_APPLES_1,TP862382065585415,6005,5/23/2024,Dauphin,40.2536,-76.7684,Apples,Codling moth,Cydia pomonella,0,0.14,0.43,0,62,33,18
PSU_CENTRE_CMDAC_APPLES_3,TP862382065565474,6097,6/29/2024,Centre,40.7598,-77.8813,Apples,Codling moth,Cydia pomonella,0,0.14,0.43,0,55,0,18
PSU_CENTRE_CMDAC_APPLES_3,TP862382065565474,6097,6/30/2024,Centre,40.7598,-77.8813,Apples,Codling moth,Cydia pomonella,1,0.14,0.43,1,56,1,18
PSU_DAUPHIN_CMDAC_APPLES_3,TP862382065579277,6007,5/10/2024,Dauphin,40.2501,-76.7659,Apples,Codling moth,Cydia pomonella,0,0.14,0.43,0,30,20,17
PSU_DAUPHIN_CMDAC_APPLES_3,TP862382065579277,6007,5/11/2024,Dauphin,40.2501,-76.7659,Apples,Codling moth,Cydia pomonella,0,0.14,0.43,0,30,19,17
PSU_DAUPHIN_CMDAC_APPLES_3,TP862382065579277,6007,5/13/2024,Dauphin,40.2501,-76.7659,Apples,Codling moth,Cydia pomonella,0,0.14,0.43,0,32,21,17
PSU_DAUPHIN_CMDAC_APPLES_3,TP862382065579277,6007,5/14/2024,Dauphin,40.2501,-76.7659,Apples,Codling moth,Cydia pomonella,0,0.14,0.43,0,32,10,17
PSU_BERKS_CMDAC_APPLES_3,TP862382065571126,7647,6/11/2024,Berks,40.3354,-75.6696,Apples,Codling moth,Cydia pomonella,0,0.14,0.43,0,17,16,17
PSU_BERKS_CMDAC_APPLES_3,TP862382065571126,7647,6/12/2024,Berks,40.3354,-75.6696,Apples,Codling moth,Cydia pomonella,3,0.14,0.43,3,20,19,17
PSU_BERKS_CMDAC_APPLES_3,TP862382065571126,7647,7/2/2024,Berks,40.3354,-75.6696,Apples,Codling moth,Cydia pomonella,0,0.14,0.43,0,43,16,17
PSU_BERKS_CMDAC_APPLES_3,TP862382065571126,7647,6/10/2024,Berks,40.3354,-75.6696,Apples,Codling moth,Cydia pomonella,1,0.14,0.43,1,17,17,16
PSU_DAUPHIN_CMDAC_APPLES_3,TP862382065579277,6007,5/5/2024,Dauphin,40.2501,-76.7659,Apples,Codling moth,Cydia pomonella,0,0.14,0.43,0,15,13,15
PSU_DAUPHIN_CMDAC_APPLES_3,TP862382065579277,6007,5/6/2024,Dauphin,40.2501,-76.7659,Apples,Codling moth,Cydia pomonella,0,0.14,0.43,0,15,8,15
PSU_DAUPHIN_CMDAC_APPLES_3,TP862382065579277,6007,5/7/2024,Dauphin,40.2501,-76.7659,Apples,Codling moth,Cydia pomonella,11,0.14,0.43,11,26,19,15
PSU_DAUPHIN_CMDAC_APPLES_3,TP862382065579277,6007,5/12/2024,Dauphin,40.2501,-76.7659,Apples,Codling moth,Cydia pomonella,2,0.14,0.43,2,32,21,15
PSU_CENTRE_CMDAC_APPLES_3,TP862382065565474,6097,7/3/2024,Centre,40.7598,-77.8813,Apples,Codling moth,Cydia pomonella,0,0.14,0.43,0,56,0,15
PSU_CENTRE_CMDAC_APPLES_3,TP862382065565474,6097,7/4/2024,Centre,40.7598,-77.8813,Apples,Codling moth,Cydia pomonella,1,0.14,0.43,1,57,1,15
PSU_BERKS_CMDAC_APPLES_3,TP862382065571126,7647,7/1/2024,Berks,40.3354,-75.6696,Apples,Codling moth,Cydia pomonella,3,0.14,0.43,3,43,19,14
PSU_DAUPHIN_CMDAC_APPLES_3,TP862382065579277,6007,5/3/2024,Dauphin,40.2501,-76.7659,Apples,Codling moth,Cydia pomonella,0,0.14,0.43,0,13,13,13
PSU_DAUPHIN_CMDAC_APPLES_3,TP862382065579277,6007,5/4/2024,Dauphin,40.2501,-76.7659,Apples,Codling moth,Cydia pomonella,2,0.14,0.43,2,15,15,13
PSU_BERKS_CMDAC_APPLES_3,TP862382065571126,7647,6/15/2024,Berks,40.3354,-75.6696,Apples,Codling moth,Cydia pomonella,0,0.14,0.43,0,21,17,13
PSU_BERKS_CMDAC_APPLES_3,TP862382065571126,7647,7/3/2024,Berks,40.3354,-75.6696,Apples,Codling moth,Cydia pomonella,0,0.14,0.43,0,43,14,13
PSU_BERKS_CMDAC_APPLES_3,TP862382065571126,7647,7/4/2024,Berks,40.3354,-75.6696,Apples,Codling moth,Cydia pomonella,0,0.14,0.43,0,43,0,13
PSU_DAUPHIN_CMDAC_APPLES_1,TP862382065585415,6005,5/24/2024,Dauphin,40.2536,-76.7684,Apples,Codling moth,Cydia pomonella,0,0.14,0.43,0,62,31,12
PSU_BERKS_CMDAC_APPLES_3,TP862382065571126,7647,6/16/2024,Berks,40.3354,-75.6696,Apples,Codling moth,Cydia pomonella,0,0.14,0.43,0,21,15,12
PSU_BERKS_CMDAC_APPLES_3,TP862382065571126,7647,6/28/2024,Berks,40.3354,-75.6696,Apples,Codling moth,Cydia pomonella,0,0.14,0.43,0,38,17,12
PSU_BERKS_CMDAC_APPLES_3,TP862382065571126,7647,6/29/2024,Berks,40.3354,-75.6696,Apples,Codling moth,Cydia pomonella,0,0.14,0.43,0,38,14,12
PSU_BERKS_CMDAC_APPLES_3,TP862382065571126,7647,6/30/2024,Berks,40.3354,-75.6696,Apples,Codling moth,Cydia pomonella,2,0.14,0.43,2,40,16,12
PSU_DAUPHIN_CMDAC_APPLES_3,TP862382065579277,6007,6/3/2024,Dauphin,40.2501,-76.7659,Apples,Codling moth,Cydia pomonella,0,0.14,0.43,0,107,49,11
PSU_DAUPHIN_CMDAC_APPLES_3,TP862382065579277,6007,6/6/2024,Dauphin,40.2501,-76.7659,Apples,Codling moth,Cydia pomonella,0,0.14,0.43,0,108,38,11
PSU_DAUPHIN_CMDAC_APPLES_3,TP862382065579277,6007,6/7/2024,Dauphin,40.2501,-76.7659,Apples,Codling moth,Cydia pomonella,1,0.14,0.43,1,109,39,11
PSU_DAUPHIN_CMDAC_APPLES_1,TP862382065585415,6005,5/15/2024,Dauphin,40.2536,-76.7684,Apples,Codling moth,Cydia pomonella,25,0.14,0.43,25,44,25,11
PSU_CENTRE_CMDAC_APPLES_3,TP862382065565474,6097,6/6/2024,Centre,40.7598,-77.8813,Apples,Codling moth,Cydia pomonella,1,0.14,0.43,1,27,15,11
PSU_DAUPHIN_CMDAC_APPLES_3,TP862382065579277,6007,6/4/2024,Dauphin,40.2501,-76.7659,Apples,Codling moth,Cydia pomonella,0,0.14,0.43,0,107,47,10
PSU_DAUPHIN_CMDAC_APPLES_3,TP862382065579277,6007,6/5/2024,Dauphin,40.2501,-76.7659,Apples,Codling moth,Cydia pomonella,1,0.14,0.43,1,108,48,10
PSU_CENTRE_CMDAC_APPLES_3,TP862382065565474,6097,6/3/2024,Centre,40.7598,-77.8813,Apples,Codling moth,Cydia pomonella,3,0.14,0.43,3,24,14,10
PSU_CENTRE_CMDAC_APPLES_3,TP862382065565474,6097,6/7/2024,Centre,40.7598,-77.8813,Apples,Codling moth,Cydia pomonella,0,0.14,0.43,0,27,14,10
PSU_CENTRE_CMDAC_APPLES_3,TP862382065565474,6097,6/8/2024,Centre,40.7598,-77.8813,Apples,Codling moth,Cydia pomonella,0,0.14,0.43,0,27,14,10
PSU_CENTRE_CMDAC_APPLES_3,TP862382065565474,6097,6/9/2024,Centre,40.7598,-77.8813,Apples,Codling moth,Cydia pomonella,1,0.14,0.43,1,28,15,10
PSU_CENTRE_CMDAC_APPLES_1,TP862382065548868,6091,5/10/2024,Centre,40.7607,-77.8821,Apples,Codling moth,Cydia pomonella,0,0.14,0.43,0,11,7,10
PSU_DAUPHIN_CMDAC_APPLES_3,TP862382065579277,6007,5/24/2024,Dauphin,40.2501,-76.7659,Apples,Codling moth,Cydia pomonella,0,0.14,0.43,0,96,51,9
PSU_BERKS_CMDAC_APPLES_2,TP862382065550526,6335,6/13/2024,Berks,40.335,-75.6686,Apples,Codling moth,Cydia pomonella,1,0.14,0.43,1,13,9,9
PSU_BERKS_CMDAC_APPLES_3,TP862382065571126,7647,6/9/2024,Berks,40.3354,-75.6696,Apples,Codling moth,Cydia pomonella,7,0.14,0.43,7,16,16,9
PSU_CENTRE_CMDAC_APPLES_3,TP862382065565474,6097,5/28/2024,Centre,40.7598,-77.8813,Apples,Codling moth,Cydia pomonella,0,0.14,0.43,0,15,6,9
PSU_CENTRE_CMDAC_APPLES_3,TP862382065565474,6097,5/29/2024,Centre,40.7598,-77.8813,Apples,Codling moth,Cydia pomonella,0,0.14,0.43,0,15,5,9
PSU_CENTRE_CMDAC_APPLES_3,TP862382065565474,6097,5/31/2024,Centre,40.7598,-77.8813,Apples,Codling moth,Cydia pomonella,0,0.14,0.43,0,17,7,9
PSU_CENTRE_CMDAC_APPLES_3,TP862382065565474,6097,6/4/2024,Centre,40.7598,-77.8813,Apples,Codling moth,Cydia pomonella,0,0.14,0.43,0,24,12,9
PSU_CENTRE_CMDAC_APPLES_3,TP862382065565474,6097,6/5/2024,Centre,40.7598,-77.8813,Apples,Codling moth,Cydia pomonella,2,0.14,0.43,2,26,14,9
PSU_CENTRE_CMDAC_APPLES_1,TP862382065548868,6091,5/9/2024,Centre,40.7607,-77.8821,Apples,Codling moth,Cydia pomonella,1,0.14,0.43,1,11,9,9
PSU_CENTRE_CMDAC_APPLES_1,TP862382065548868,6091,5/11/2024,Centre,40.7607,-77.8821,Apples,Codling moth,Cydia pomonella,1,0.14,0.43,1,12,8,9
PSU_CENTRE_CMDAC_APPLES_1,TP862382065548868,6091,6/27/2024,Centre,40.7607,-77.8821,Apples,Codling moth,Cydia pomonella,0,0.14,0.43,0,41,15,9
PSU_CENTRE_CMDAC_APPLES_1,TP862382065548868,6091,6/28/2024,Centre,40.7607,-77.8821,Apples,Codling moth,Cydia pomonella,0,0.14,0.43,0,41,7,9
PSU_CENTRE_CMDAC_APPLES_1,TP862382065548868,6091,6/29/2024,Centre,40.7607,-77.8821,Apples,Codling moth,Cydia pomonella,0,0.14,0.43,0,41,0,9
PSU_CENTRE_CMDAC_APPLES_1,TP862382065548868,6091,6/30/2024,Centre,40.7607,-77.8821,Apples,Codling moth,Cydia pomonella,0,0.14,0.43,0,41,0,9
PSU_DAUPHIN_CMDAC_APPLES_1,TP862382065585415,6005,6/5/2024,Dauphin,40.2536,-76.7684,Apples,Codling moth,Cydia pomonella,0,0.14,0.43,0,70,28,8
PSU_DAUPHIN_CMDAC_APPLES_1,TP862382065585415,6005,6/11/2024,Dauphin,40.2536,-76.7684,Apples,Codling moth,Cydia pomonella,0,0.14,0.43,0,75,27,8
PSU_DAUPHIN_CMDAC_APPLES_1,TP862382065585415,6005,6/15/2024,Dauphin,40.2536,-76.7684,Apples,Codling moth,Cydia pomonella,0,0.14,0.43,0,78,21,8
PSU_DAUPHIN_CMDAC_APPLES_1,TP862382065585415,6005,6/28/2024,Dauphin,40.2536,-76.7684,Apples,Codling moth,Cydia pomonella,0,0.14,0.43,0,87,1,8
PSU_BERKS_CMDAC_APPLES_2,TP862382065550526,6335,6/7/2024,Berks,40.335,-75.6686,Apples,Codling moth,Cydia pomonella,0,0.14,0.43,,11,,8
PSU_BERKS_CMDAC_APPLES_2,TP862382065550526,6335,6/8/2024,Berks,40.335,-75.6686,Apples,Codling moth,Cydia pomonella,0,0.14,0.43,0,11,7,8
PSU_BERKS_CMDAC_APPLES_2,TP862382065550526,6335,6/9/2024,Berks,40.335,-75.6686,Apples,Codling moth,Cydia pomonella,0.25,0.14,0.43,,11,,8
PSU_BERKS_CMDAC_APPLES_2,TP862382065550526,6335,6/10/2024,Berks,40.335,-75.6686,Apples,Codling moth,Cydia pomonella,0.25,0.14,0.43,,11,,8
PSU_BERKS_CMDAC_APPLES_2,TP862382065550526,6335,6/11/2024,Berks,40.335,-75.6686,Apples,Codling moth,Cydia pomonella,0.25,0.14,0.43,,11,,8
PSU_BERKS_CMDAC_APPLES_2,TP862382065550526,6335,6/12/2024,Berks,40.335,-75.6686,Apples,Codling moth,Cydia pomonella,0.25,0.14,0.43,1,12,8,8
PSU_BERKS_CMDAC_APPLES_3,TP862382065571126,7647,6/8/2024,Berks,40.3354,-75.6696,Apples,Codling moth,Cydia pomonella,1,0.14,0.43,1,9,9,8
PSU_CENTRE_CMDAC_APPLES_1,TP862382065548868,6091,5/13/2024,Centre,40.7607,-77.8821,Apples,Codling moth,Cydia pomonella,0,0.14,0.43,0,13,8,8
PSU_CENTRE_CMDAC_APPLES_1,TP862382065548868,6091,5/14/2024,Centre,40.7607,-77.8821,Apples,Codling moth,Cydia pomonella,0,0.14,0.43,0,13,7,8
PSU_CENTRE_CMDAC_APPLES_1,TP862382065548868,6091,7/1/2024,Centre,40.7607,-77.8821,Apples,Codling moth,Cydia pomonella,0,0.14,0.43,0,41,0,8
PSU_CENTRE_CMDAC_APPLES_2,TP862382065550062,6093,6/28/2024,Centre,40.7623,-77.8829,Apples,Codling moth,Cydia pomonella,0,0.14,0.43,0,20,3,8
PSU_DAUPHIN_CMDAC_APPLES_3,TP862382065579277,6007,5/25/2024,Dauphin,40.2501,-76.7659,Apples,Codling moth,Cydia pomonella,0,0.14,0.43,0,96,51,7
PSU_DAUPHIN_CMDAC_APPLES_3,TP862382065579277,6007,6/2/2024,Dauphin,40.2501,-76.7659,Apples,Codling moth,Cydia pomonella,4,0.14,0.43,4,107,51,7
PSU_DAUPHIN_CMDAC_APPLES_3,TP862382065579277,6007,6/8/2024,Dauphin,40.2501,-76.7659,Apples,Codling moth,Cydia pomonella,0,0.14,0.43,0,109,39,7
PSU_DAUPHIN_CMDAC_APPLES_3,TP862382065579277,6007,6/28/2024,Dauphin,40.2501,-76.7659,Apples,Codling moth,Cydia pomonella,0,0.14,0.43,0,124,0,7
PSU_DAUPHIN_CMDAC_APPLES_3,TP862382065579277,6007,6/29/2024,Dauphin,40.2501,-76.7659,Apples,Codling moth,Cydia pomonella,0,0.14,0.43,0,124,0,7
PSU_BERKS_CMDAC_APPLES_3,TP862382065571126,7647,6/18/2024,Berks,40.3354,-75.6696,Apples,Codling moth,Cydia pomonella,0,0.14,0.43,0,24,16,7
PSU_BERKS_CMDAC_APPLES_3,TP862382065571126,7647,6/19/2024,Berks,40.3354,-75.6696,Apples,Codling moth,Cydia pomonella,0,0.14,0.43,0,24,16,7
PSU_CENTRE_CMDAC_APPLES_3,TP862382065565474,6097,5/30/2024,Centre,40.7598,-77.8813,Apples,Codling moth,Cydia pomonella,2,0.14,0.43,2,17,7,7
PSU_CENTRE_CMDAC_APPLES_3,TP862382065565474,6097,6/10/2024,Centre,40.7598,-77.8813,Apples,Codling moth,Cydia pomonella,0,0.14,0.43,0,28,15,7
PSU_CENTRE_CMDAC_APPLES_3,TP862382065565474,6097,6/20/2024,Centre,40.7598,-77.8813,Apples,Codling moth,Cydia pomonella,0,0.14,0.43,0,36,15,7
PSU_CENTRE_CMDAC_APPLES_3,TP862382065565474,6097,6/21/2024,Centre,40.7598,-77.8813,Apples,Codling moth,Cydia pomonella,1,0.14,0.43,1,37,16,7
PSU_CENTRE_CMDAC_APPLES_3,TP862382065565474,6097,6/22/2024,Centre,40.7598,-77.8813,Apples,Codling moth,Cydia pomonella,0,0.14,0.43,0,37,14,7
PSU_CENTRE_CMDAC_APPLES_3,TP862382065565474,6097,6/23/2024,Centre,40.7598,-77.8813,Apples,Codling moth,Cydia pomonella,0,0.14,0.43,0,37,13,7
PSU_CENTRE_CMDAC_APPLES_3,TP862382065565474,6097,6/26/2024,Centre,40.7598,-77.8813,Apples,Codling moth,Cydia pomonella,0,0.14,0.43,0,41,9,7
PSU_CENTRE_CMDAC_APPLES_1,TP862382065548868,6091,5/12/2024,Centre,40.7607,-77.8821,Apples,Codling moth,Cydia pomonella,1,0.14,0.43,1,13,9,7
PSU_CENTRE_CMDAC_APPLES_1,TP862382065548868,6091,5/15/2024,Centre,40.7607,-77.8821,Apples,Codling moth,Cydia pomonella,1,0.14,0.43,1,14,8,7
PSU_CENTRE_CMDAC_APPLES_1,TP862382065548868,6091,7/3/2024,Centre,40.7607,-77.8821,Apples,Codling moth,Cydia pomonella,0,0.14,0.43,0,42,1,7
PSU_DAUPHIN_CMDAC_APPLES_3,TP862382065579277,6007,5/15/2024,Dauphin,40.2501,-76.7659,Apples,Codling moth,Cydia pomonella,30,0.14,0.43,30,62,30,6
PSU_DAUPHIN_CMDAC_APPLES_3,TP862382065579277,6007,6/1/2024,Dauphin,40.2501,-76.7659,Apples,Codling moth,Cydia pomonella,1,0.14,0.43,1,103,47,6
PSU_DAUPHIN_CMDAC_APPLES_3,TP862382065579277,6007,6/9/2024,Dauphin,40.2501,-76.7659,Apples,Codling moth,Cydia pomonella,2,0.14,0.43,2,111,41,6
PSU_DAUPHIN_CMDAC_APPLES_3,TP862382065579277,6007,6/16/2024,Dauphin,40.2501,-76.7659,Apples,Codling moth,Cydia pomonella,0,0.14,0.43,0,115,29,6
PSU_DAUPHIN_CMDAC_APPLES_3,TP862382065579277,6007,6/30/2024,Dauphin,40.2501,-76.7659,Apples,Codling moth,Cydia pomonella,0,0.14,0.43,0,124,0,6
PSU_DAUPHIN_CMDAC_APPLES_3,TP862382065579277,6007,7/1/2024,Dauphin,40.2501,-76.7659,Apples,Codling moth,Cydia pomonella,0,0.14,0.43,0,124,0,6
PSU_DAUPHIN_CMDAC_APPLES_3,TP862382065579277,6007,7/2/2024,Dauphin,40.2501,-76.7659,Apples,Codling moth,Cydia pomonella,0,0.14,0.43,0,124,0,6
PSU_DAUPHIN_CMDAC_APPLES_1,TP862382065585415,6005,5/25/2024,Dauphin,40.2536,-76.7684,Apples,Codling moth,Cydia pomonella,0,0.14,0.43,0,62,31,6
PSU_DAUPHIN_CMDAC_APPLES_1,TP862382065585415,6005,6/10/2024,Dauphin,40.2536,-76.7684,Apples,Codling moth,Cydia pomonella,2,0.14,0.43,2,75,30,6
PSU_DAUPHIN_CMDAC_APPLES_1,TP862382065585415,6005,6/16/2024,Dauphin,40.2536,-76.7684,Apples,Codling moth,Cydia pomonella,1,0.14,0.43,1,79,22,6
PSU_DAUPHIN_CMDAC_APPLES_1,TP862382065585415,6005,6/17/2024,Dauphin,40.2536,-76.7684,Apples,Codling moth,Cydia pomonella,0,0.14,0.43,0,79,22,6
PSU_DAUPHIN_CMDAC_APPLES_1,TP862382065585415,6005,6/29/2024,Dauphin,40.2536,-76.7684,Apples,Codling moth,Cydia pomonella,0,0.14,0.43,0,87,1,6
PSU_DAUPHIN_CMDAC_APPLES_1,TP862382065585415,6005,6/30/2024,Dauphin,40.2536,-76.7684,Apples,Codling moth,Cydia pomonella,0,0.14,0.43,0,87,1,6
PSU_DAUPHIN_CMDAC_APPLES_1,TP862382065585415,6005,7/1/2024,Dauphin,40.2536,-76.7684,Apples,Codling moth,Cydia pomonella,0,0.14,0.43,0,87,1,6
PSU_DAUPHIN_CMDAC_APPLES_1,TP862382065585415,6005,7/2/2024,Dauphin,40.2536,-76.7684,Apples,Codling moth,Cydia pomonella,0,0.14,0.43,0,87,1,6
PSU_DAUPHIN_CMDAC_APPLES_1,TP862382065585415,6005,7/3/2024,Dauphin,40.2536,-76.7684,Apples,Codling moth,Cydia pomonella,0,0.14,0.43,0,87,1,6
PSU_BERKS_CMDAC_APPLES_3,TP862382065571126,7647,6/21/2024,Berks,40.3354,-75.6696,Apples,Codling moth,Cydia pomonella,0,0.14,0.43,0,26,17,6
PSU_BERKS_CMDAC_APPLES_3,TP862382065571126,7647,6/26/2024,Berks,40.3354,-75.6696,Apples,Codling moth,Cydia pomonella,0,0.14,0.43,0,30,14,6
PSU_BERKS_CMDAC_APPLES_3,TP862382065571126,7647,6/27/2024,Berks,40.3354,-75.6696,Apples,Codling moth,Cydia pomonella,8,0.14,0.43,8,38,22,6
PSU_CENTRE_CMDAC_APPLES_3,TP862382065565474,6097,6/1/2024,Centre,40.7598,-77.8813,Apples,Codling moth,Cydia pomonella,0,0.14,0.43,0,17,7,6
PSU_CENTRE_CMDAC_APPLES_3,TP862382065565474,6097,6/2/2024,Centre,40.7598,-77.8813,Apples,Codling moth,Cydia pomonella,4,0.14,0.43,4,21,11,6
PSU_CENTRE_CMDAC_APPLES_3,TP862382065565474,6097,6/17/2024,Centre,40.7598,-77.8813,Apples,Codling moth,Cydia pomonella,0,0.14,0.43,0,34,16,6
PSU_CENTRE_CMDAC_APPLES_3,TP862382065565474,6097,6/18/2024,Centre,40.7598,-77.8813,Apples,Codling moth,Cydia pomonella,0,0.14,0.43,0,34,16,6
PSU_CENTRE_CMDAC_APPLES_1,TP862382065548868,6091,5/18/2024,Centre,40.7607,-77.8821,Apples,Codling moth,Cydia pomonella,0,0.14,0.43,0,17,9,6
PSU_CENTRE_CMDAC_APPLES_1,TP862382065548868,6091,5/22/2024,Centre,40.7607,-77.8821,Apples,Codling moth,Cydia pomonella,0,0.14,0.43,0,19,8,6
PSU_CENTRE_CMDAC_APPLES_1,TP862382065548868,6091,7/2/2024,Centre,40.7607,-77.8821,Apples,Codling moth,Cydia pomonella,1,0.14,0.43,1,42,1,6
PSU_CENTRE_CMDAC_APPLES_2,TP862382065550062,6093,6/24/2024,Centre,40.7623,-77.8829,Apples,Codling moth,Cydia pomonella,0,0.14,0.43,0,15,8,6
PSU_CENTRE_CMDAC_APPLES_2,TP862382065550062,6093,6/29/2024,Centre,40.7623,-77.8829,Apples,Codling moth,Cydia pomonella,0,0.14,0.43,0,20,0,6
PSU_CENTRE_CMDAC_APPLES_2,TP862382065550062,6093,6/30/2024,Centre,40.7623,-77.8829,Apples,Codling moth,Cydia pomonella,0,0.14,0.43,0,20,0,6
PSU_DAUPHIN_CMDAC_APPLES_3,TP862382065579277,6007,6/11/2024,Dauphin,40.2501,-76.7659,Apples,Codling moth,Cydia pomonella,0,0.14,0.43,0,112,37,5
PSU_DAUPHIN_CMDAC_APPLES_3,TP862382065579277,6007,6/12/2024,Dauphin,40.2501,-76.7659,Apples,Codling moth,Cydia pomonella,0,0.14,0.43,0,112,36,5
PSU_DAUPHIN_CMDAC_APPLES_3,TP862382065579277,6007,6/19/2024,Dauphin,40.2501,-76.7659,Apples,Codling moth,Cydia pomonella,0,0.14,0.43,0,117,31,5
PSU_DAUPHIN_CMDAC_APPLES_3,TP862382065579277,6007,6/20/2024,Dauphin,40.2501,-76.7659,Apples,Codling moth,Cydia pomonella,0,0.14,0.43,0,117,30,5
PSU_DAUPHIN_CMDAC_APPLES_3,TP862382065579277,6007,6/21/2024,Dauphin,40.2501,-76.7659,Apples,Codling moth,Cydia pomonella,0,0.14,0.43,0,117,26,5
PSU_DAUPHIN_CMDAC_APPLES_3,TP862382065579277,6007,6/22/2024,Dauphin,40.2501,-76.7659,Apples,Codling moth,Cydia pomonella,1,0.14,0.43,1,118,27,5
PSU_DAUPHIN_CMDAC_APPLES_3,TP862382065579277,6007,7/3/2024,Dauphin,40.2501,-76.7659,Apples,Codling moth,Cydia pomonella,0,0.14,0.43,0,124,0,5
PSU_DAUPHIN_CMDAC_APPLES_3,TP862382065579277,6007,7/4/2024,Dauphin,40.2501,-76.7659,Apples,Codling moth,Cydia pomonella,1,0.14,0.43,1,125,1,5
PSU_DAUPHIN_CMDAC_APPLES_1,TP862382065585415,6005,5/5/2024,Dauphin,40.2536,-76.7684,Apples,Codling moth,Cydia pomonella,0,0.14,0.43,0,7,3,5
PSU_DAUPHIN_CMDAC_APPLES_1,TP862382065585415,6005,5/6/2024,Dauphin,40.2536,-76.7684,Apples,Codling moth,Cydia pomonella,0,0.14,0.43,0,7,3,5
PSU_DAUPHIN_CMDAC_APPLES_1,TP862382065585415,6005,5/8/2024,Dauphin,40.2536,-76.7684,Apples,Codling moth,Cydia pomonella,1,0.14,0.43,1,9,5,5
PSU_DAUPHIN_CMDAC_APPLES_1,TP862382065585415,6005,5/11/2024,Dauphin,40.2536,-76.7684,Apples,Codling moth,Cydia pomonella,0,0.14,0.43,0,10,5,5
PSU_DAUPHIN_CMDAC_APPLES_1,TP862382065585415,6005,5/30/2024,Dauphin,40.2536,-76.7684,Apples,Codling moth,Cydia pomonella,0,0.14,0.43,0,67,34,5
PSU_DAUPHIN_CMDAC_APPLES_1,TP862382065585415,6005,5/31/2024,Dauphin,40.2536,-76.7684,Apples,Codling moth,Cydia pomonella,0,0.14,0.43,0,67,32,5
PSU_DAUPHIN_CMDAC_APPLES_1,TP862382065585415,6005,6/1/2024,Dauphin,40.2536,-76.7684,Apples,Codling moth,Cydia pomonella,0,0.14,0.43,0,67,32,5
PSU_DAUPHIN_CMDAC_APPLES_1,TP862382065585415,6005,6/2/2024,Dauphin,40.2536,-76.7684,Apples,Codling moth,Cydia pomonella,0,0.14,0.43,0,67,30,5
PSU_DAUPHIN_CMDAC_APPLES_1,TP862382065585415,6005,6/3/2024,Dauphin,40.2536,-76.7684,Apples,Codling moth,Cydia pomonella,0,0.14,0.43,0,67,28,5
PSU_DAUPHIN_CMDAC_APPLES_1,TP862382065585415,6005,6/4/2024,Dauphin,40.2536,-76.7684,Apples,Codling moth,Cydia pomonella,3,0.14,0.43,3,70,31,5
PSU_DAUPHIN_CMDAC_APPLES_1,TP862382065585415,6005,6/9/2024,Dauphin,40.2536,-76.7684,Apples,Codling moth,Cydia pomonella,1,0.14,0.43,1,73,28,5
PSU_DAUPHIN_CMDAC_APPLES_1,TP862382065585415,6005,6/12/2024,Dauphin,40.2536,-76.7684,Apples,Codling moth,Cydia pomonella,0,0.14,0.43,0,75,24,5
PSU_DAUPHIN_CMDAC_APPLES_1,TP862382065585415,6005,6/13/2024,Dauphin,40.2536,-76.7684,Apples,Codling moth,Cydia pomonella,0,0.14,0.43,0,75,24,5
PSU_DAUPHIN_CMDAC_APPLES_1,TP862382065585415,6005,6/14/2024,Dauphin,40.2536,-76.7684,Apples,Codling moth,Cydia pomonella,3,0.14,0.43,3,78,27,5
PSU_DAUPHIN_CMDAC_APPLES_1,TP862382065585415,6005,7/4/2024,Dauphin,40.2536,-76.7684,Apples,Codling moth,Cydia pomonella,0,0.14,0.43,0,87,1,5
PSU_BERKS_CMDAC_APPLES_1,TP862382065571092,6333,6/4/2024,Berks,40.3337,-75.6654,Apples,Codling moth,Cydia pomonella,0,0.14,0.43,0,8,5,5
PSU_BERKS_CMDAC_APPLES_1,TP862382065571092,6333,6/5/2024,Berks,40.3337,-75.6654,Apples,Codling moth,Cydia pomonella,0,0.14,0.43,0,8,4,5
PSU_BERKS_CMDAC_APPLES_1,TP862382065571092,6333,6/6/2024,Berks,40.3337,-75.6654,Apples,Codling moth,Cydia pomonella,1,0.14,0.43,1,9,5,5
PSU_BERKS_CMDAC_APPLES_3,TP862382065571126,7647,6/17/2024,Berks,40.3354,-75.6696,Apples,Codling moth,Cydia pomonella,3,0.14,0.43,3,24,18,5
PSU_BERKS_CMDAC_APPLES_3,TP862382065571126,7647,6/22/2024,Berks,40.3354,-75.6696,Apples,Codling moth,Cydia pomonella,0,0.14,0.43,0,26,17,5
PSU_BERKS_CMDAC_APPLES_3,TP862382065571126,7647,6/23/2024,Berks,40.3354,-75.6696,Apples,Codling moth,Cydia pomonella,0,0.14,0.43,0,26,15,5
PSU_BERKS_CMDAC_APPLES_3,TP862382065571126,7647,6/24/2024,Berks,40.3354,-75.6696,Apples,Codling moth,Cydia pomonella,0,0.14,0.43,0,26,15,5
PSU_BERKS_CMDAC_APPLES_3,TP862382065571126,7647,7/5/2024,Berks,40.3354,-75.6696,Apples,Codling moth,Cydia pomonella,0,0.14,0.43,0,43,0,5
PSU_BERKS_CMDAC_APPLES_3,TP862382065571126,7647,7/6/2024,Berks,40.3354,-75.6696,Apples,Codling moth,Cydia pomonella,0,0.14,0.43,0,43,0,5
PSU_BERKS_CMDAC_APPLES_3,TP862382065571126,7647,7/7/2024,Berks,40.3354,-75.6696,Apples,Codling moth,Cydia pomonella,2,0.14,0.43,2,45,2,5
PSU_BERKS_CMDAC_APPLES_3,TP862382065571126,7647,7/8/2024,Berks,40.3354,-75.6696,Apples,Codling moth,Cydia pomonella,0,0.14,0.43,0,45,2,5
PSU_CENTRE_CMDAC_APPLES_3,TP862382065565474,6097,5/25/2024,Centre,40.7598,-77.8813,Apples,Codling moth,Cydia pomonella,0,0.14,0.43,0,11,2,5
PSU_CENTRE_CMDAC_APPLES_3,TP862382065565474,6097,5/26/2024,Centre,40.7598,-77.8813,Apples,Codling moth,Cydia pomonella,0,0.14,0.43,0,11,2,5
PSU_CENTRE_CMDAC_APPLES_3,TP862382065565474,6097,5/27/2024,Centre,40.7598,-77.8813,Apples,Codling moth,Cydia pomonella,4,0.14,0.43,4,15,6,5
PSU_CENTRE_CMDAC_APPLES_3,TP862382065565474,6097,6/12/2024,Centre,40.7598,-77.8813,Apples,Codling moth,Cydia pomonella,0,0.14,0.43,0,29,16,5
PSU_CENTRE_CMDAC_APPLES_3,TP862382065565474,6097,6/19/2024,Centre,40.7598,-77.8813,Apples,Codling moth,Cydia pomonella,2,0.14,0.43,2,36,18,5
PSU_CENTRE_CMDAC_APPLES_3,TP862382065565474,6097,6/27/2024,Centre,40.7598,-77.8813,Apples,Codling moth,Cydia pomonella,14,0.14,0.43,14,55,23,5
PSU_CENTRE_CMDAC_APPLES_1,TP862382065548868,6091,5/5/2024,Centre,40.7607,-77.8821,Apples,Codling moth,Cydia pomonella,0,0.14,0.43,0,5,3,5
PSU_CENTRE_CMDAC_APPLES_1,TP862382065548868,6091,5/6/2024,Centre,40.7607,-77.8821,Apples,Codling moth,Cydia pomonella,0,0.14,0.43,0,5,3,5
PSU_CENTRE_CMDAC_APPLES_1,TP862382065548868,6091,5/7/2024,Centre,40.7607,-77.8821,Apples,Codling moth,Cydia pomonella,1,0.14,0.43,1,6,4,5
PSU_CENTRE_CMDAC_APPLES_1,TP862382065548868,6091,5/8/2024,Centre,40.7607,-77.8821,Apples,Codling moth,Cydia pomonella,4,0.14,0.43,4,10,8,5
PSU_CENTRE_CMDAC_APPLES_1,TP862382065548868,6091,5/17/2024,Centre,40.7607,-77.8821,Apples,Codling moth,Cydia pomonella,1,0.14,0.43,1,17,11,5
PSU_CENTRE_CMDAC_APPLES_1,TP862382065548868,6091,5/19/2024,Centre,40.7607,-77.8821,Apples,Codling moth,Cydia pomonella,1,0.14,0.43,1,18,10,5
PSU_CENTRE_CMDAC_APPLES_1,TP862382065548868,6091,5/20/2024,Centre,40.7607,-77.8821,Apples,Codling moth,Cydia pomonella,0,0.14,0.43,0,18,7,5
PSU_CENTRE_CMDAC_APPLES_1,TP862382065548868,6091,5/21/2024,Centre,40.7607,-77.8821,Apples,Codling moth,Cydia pomonella,1,0.14,0.43,1,19,8,5
PSU_CENTRE_CMDAC_APPLES_1,TP862382065548868,6091,5/23/2024,Centre,40.7607,-77.8821,Apples,Codling moth,Cydia pomonella,0,0.14,0.43,0,19,6,5
PSU_CENTRE_CMDAC_APPLES_1,TP862382065548868,6091,6/11/2024,Centre,40.7607,-77.8821,Apples,Codling moth,Cydia pomonella,0,0.14,0.43,0,27,6,5
PSU_CENTRE_CMDAC_APPLES_1,TP862382065548868,6091,6/12/2024,Centre,40.7607,-77.8821,Apples,Codling moth,Cydia pomonella,0,0.14,0.43,0,27,6,5
PSU_CENTRE_CMDAC_APPLES_1,TP862382065548868,6091,6/16/2024,Centre,40.7607,-77.8821,Apples,Codling moth,Cydia pomonella,0,0.14,0.43,0,30,7,5
PSU_CENTRE_CMDAC_APPLES_1,TP862382065548868,6091,6/17/2024,Centre,40.7607,-77.8821,Apples,Codling moth,Cydia pomonella,0,0.14,0.43,0,30,6,5
PSU_CENTRE_CMDAC_APPLES_1,TP862382065548868,6091,6/20/2024,Centre,40.7607,-77.8821,Apples,Codling moth,Cydia pomonella,0,0.14,0.43,0,32,6,5
PSU_CENTRE_CMDAC_APPLES_1,TP862382065548868,6091,6/21/2024,Centre,40.7607,-77.8821,Apples,Codling moth,Cydia pomonella,0,0.14,0.43,0,32,6,5
PSU_CENTRE_CMDAC_APPLES_1,TP862382065548868,6091,6/22/2024,Centre,40.7607,-77.8821,Apples,Codling moth,Cydia pomonella,0,0.14,0.43,0,32,6,5
PSU_CENTRE_CMDAC_APPLES_1,TP862382065548868,6091,6/25/2024,Centre,40.7607,-77.8821,Apples,Codling moth,Cydia pomonella,0,0.14,0.43,0,35,9,5
PSU_CENTRE_CMDAC_APPLES_1,TP862382065548868,6091,7/16/2024,Centre,40.7607,-77.8821,Apples,Codling moth,Cydia pomonella,0,0.14,0.43,0,49,7,5
PSU_CENTRE_CMDAC_APPLES_2,TP862382065550062,6093,6/22/2024,Centre,40.7623,-77.8829,Apples,Codling moth,Cydia pomonella,0,0.14,0.43,0,14,9,5
PSU_CENTRE_CMDAC_APPLES_2,TP862382065550062,6093,6/23/2024,Centre,40.7623,-77.8829,Apples,Codling moth,Cydia pomonella,1,0.14,0.43,1,15,10,5
PSU_CENTRE_CMDAC_APPLES_2,TP862382065550062,6093,7/1/2024,Centre,40.7623,-77.8829,Apples,Codling moth,Cydia pomonella,0,0.14,0.43,0,20,0,5
PSU_CENTRE_CMDAC_APPLES_2,TP862382065550062,6093,7/2/2024,Centre,40.7623,-77.8829,Apples,Codling moth,Cydia pomonella,1,0.14,0.43,1,21,1,5
PSU_CENTRE_CMDAC_APPLES_2,TP862382065550062,6093,7/3/2024,Centre,40.7623,-77.8829,Apples,Codling moth,Cydia pomonella,0,0.14,0.43,0,21,1,5
PSU_CENTRE_CMDAC_APPLES_2,TP862382065550062,6093,7/4/2024,Centre,40.7623,-77.8829,Apples,Codling moth,Cydia pomonella,1,0.14,0.43,1,22,2,5
PSU_DAUPHIN_CMDAC_APPLES_3,TP862382065579277,6007,5/1/2024,Dauphin,40.2501,-76.7659,Apples,Codling moth,Cydia pomonella,4.5,0.14,0.43,,4,,4
PSU_DAUPHIN_CMDAC_APPLES_3,TP862382065579277,6007,5/2/2024,Dauphin,40.2501,-76.7659,Apples,Codling moth,Cydia pomonella,4.5,0.14,0.43,9,13,13,4
PSU_DAUPHIN_CMDAC_APPLES_3,TP862382065579277,6007,5/26/2024,Dauphin,40.2501,-76.7659,Apples,Codling moth,Cydia pomonella,0,0.14,0.43,0,96,49,4
PSU_DAUPHIN_CMDAC_APPLES_3,TP862382065579277,6007,5/27/2024,Dauphin,40.2501,-76.7659,Apples,Codling moth,Cydia pomonella,1,0.14,0.43,1,97,50,4
PSU_DAUPHIN_CMDAC_APPLES_3,TP862382065579277,6007,6/10/2024,Dauphin,40.2501,-76.7659,Apples,Codling moth,Cydia pomonella,1,0.14,0.43,1,112,42,4
PSU_DAUPHIN_CMDAC_APPLES_3,TP862382065579277,6007,6/13/2024,Dauphin,40.2501,-76.7659,Apples,Codling moth,Cydia pomonella,0,0.14,0.43,0,112,36,4
PSU_DAUPHIN_CMDAC_APPLES_3,TP862382065579277,6007,6/14/2024,Dauphin,40.2501,-76.7659,Apples,Codling moth,Cydia pomonella,0,0.14,0.43,0,112,30,4
PSU_DAUPHIN_CMDAC_APPLES_3,TP862382065579277,6007,6/17/2024,Dauphin,40.2501,-76.7659,Apples,Codling moth,Cydia pomonella,1,0.14,0.43,1,116,30,4
PSU_DAUPHIN_CMDAC_APPLES_3,TP862382065579277,6007,6/18/2024,Dauphin,40.2501,-76.7659,Apples,Codling moth,Cydia pomonella,1,0.14,0.43,1,117,31,4
PSU_DAUPHIN_CMDAC_APPLES_1,TP862382065585415,6005,5/7/2024,Dauphin,40.2536,-76.7684,Apples,Codling moth,Cydia pomonella,1,0.14,0.43,1,8,4,4
PSU_DAUPHIN_CMDAC_APPLES_1,TP862382065585415,6005,5/9/2024,Dauphin,40.2536,-76.7684,Apples,Codling moth,Cydia pomonella,0,0.14,0.43,0,9,4,4
PSU_DAUPHIN_CMDAC_APPLES_1,TP862382065585415,6005,5/10/2024,Dauphin,40.2536,-76.7684,Apples,Codling moth,Cydia pomonella,1,0.14,0.43,1,10,5,4
PSU_DAUPHIN_CMDAC_APPLES_1,TP862382065585415,6005,6/18/2024,Dauphin,40.2536,-76.7684,Apples,Codling moth,Cydia pomonella,0,0.14,0.43,0,79,21,4
PSU_DAUPHIN_CMDAC_APPLES_1,TP862382065585415,6005,6/19/2024,Dauphin,40.2536,-76.7684,Apples,Codling moth,Cydia pomonella,0,0.14,0.43,0,79,19,4
PSU_DAUPHIN_CMDAC_APPLES_1,TP862382065585415,6005,6/20/2024,Dauphin,40.2536,-76.7684,Apples,Codling moth,Cydia pomonella,0,0.14,0.43,0,79,18,4
PSU_DAUPHIN_CMDAC_APPLES_1,TP862382065585415,6005,6/21/2024,Dauphin,40.2536,-76.7684,Apples,Codling moth,Cydia pomonella,2,0.14,0.43,2,81,20,4
PSU_BERKS_CMDAC_APPLES_1,TP862382065571092,6333,5/31/2024,Berks,40.3337,-75.6654,Apples,Codling moth,Cydia pomonella,0,0.14,0.43,0,5,2,4
PSU_BERKS_CMDAC_APPLES_1,TP862382065571092,6333,6/1/2024,Berks,40.3337,-75.6654,Apples,Codling moth,Cydia pomonella,2,0.14,0.43,2,7,4,4
PSU_BERKS_CMDAC_APPLES_1,TP862382065571092,6333,6/2/2024,Berks,40.3337,-75.6654,Apples,Codling moth,Cydia pomonella,0,0.14,0.43,0,7,4,4
PSU_BERKS_CMDAC_APPLES_1,TP862382065571092,6333,6/3/2024,Berks,40.3337,-75.6654,Apples,Codling moth,Cydia pomonella,1,0.14,0.43,1,8,5,4
PSU_BERKS_CMDAC_APPLES_1,TP862382065571092,6333,6/7/2024,Berks,40.3337,-75.6654,Apples,Codling moth,Cydia pomonella,0,0.14,0.43,0,9,4,4
PSU_BERKS_CMDAC_APPLES_1,TP862382065571092,6333,6/8/2024,Berks,40.3337,-75.6654,Apples,Codling moth,Cydia pomonella,0,0.14,0.43,0,9,4,4
PSU_BERKS_CMDAC_APPLES_3,TP862382065571126,7647,6/20/2024,Berks,40.3354,-75.6696,Apples,Codling moth,Cydia pomonella,2,0.14,0.43,2,26,18,4
PSU_CENTRE_CMDAC_APPLES_3,TP862382065565474,6097,6/11/2024,Centre,40.7598,-77.8813,Apples,Codling moth,Cydia pomonella,1,0.14,0.43,1,29,16,4
PSU_CENTRE_CMDAC_APPLES_3,TP862382065565474,6097,7/7/2024,Centre,40.7598,-77.8813,Apples,Codling moth,Cydia pomonella,0,0.14,0.43,0,59,3,4
PSU_CENTRE_CMDAC_APPLES_3,TP862382065565474,6097,7/9/2024,Centre,40.7598,-77.8813,Apples,Codling moth,Cydia pomonella,0,0.14,0.43,0,60,4,4
PSU_CENTRE_CMDAC_APPLES_3,TP862382065565474,6097,7/10/2024,Centre,40.7598,-77.8813,Apples,Codling moth,Cydia pomonella,0,0.14,0.43,0,60,4,4
PSU_CENTRE_CMDAC_APPLES_3,TP862382065565474,6097,7/11/2024,Centre,40.7598,-77.8813,Apples,Codling moth,Cydia pomonella,1,0.14,0.43,1,61,5,4
PSU_CENTRE_CMDAC_APPLES_3,TP862382065565474,6097,7/12/2024,Centre,40.7598,-77.8813,Apples,Codling moth,Cydia pomonella,0,0.14,0.43,0,61,5,4
PSU_CENTRE_CMDAC_APPLES_1,TP862382065548868,6091,5/16/2024,Centre,40.7607,-77.8821,Apples,Codling moth,Cydia pomonella,2,0.14,0.43,2,16,10,4
PSU_CENTRE_CMDAC_APPLES_1,TP862382065548868,6091,6/9/2024,Centre,40.7607,-77.8821,Apples,Codling moth,Cydia pomonella,0,0.14,0.43,0,25,5,4
PSU_CENTRE_CMDAC_APPLES_1,TP862382065548868,6091,6/10/2024,Centre,40.7607,-77.8821,Apples,Codling moth,Cydia pomonella,2,0.14,0.43,2,27,7,4
PSU_CENTRE_CMDAC_APPLES_1,TP862382065548868,6091,6/13/2024,Centre,40.7607,-77.8821,Apples,Codling moth,Cydia pomonella,0,0.14,0.43,0,27,5,4
PSU_CENTRE_CMDAC_APPLES_1,TP862382065548868,6091,6/14/2024,Centre,40.7607,-77.8821,Apples,Codling moth,Cydia pomonella,0,0.14,0.43,0,27,5,4
PSU_CENTRE_CMDAC_APPLES_1,TP862382065548868,6091,6/15/2024,Centre,40.7607,-77.8821,Apples,Codling moth,Cydia pomonella,3,0.14,0.43,3,30,8,4
PSU_CENTRE_CMDAC_APPLES_1,TP862382065548868,6091,6/19/2024,Centre,40.7607,-77.8821,Apples,Codling moth,Cydia pomonella,1,0.14,0.43,1,32,8,4
PSU_CENTRE_CMDAC_APPLES_1,TP862382065548868,6091,6/26/2024,Centre,40.7607,-77.8821,Apples,Codling moth,Cydia pomonella,6,0.14,0.43,6,41,15,4
PSU_CENTRE_CMDAC_APPLES_1,TP862382065548868,6091,7/13/2024,Centre,40.7607,-77.8821,Apples,Codling moth,Cydia pomonella,0,0.14,0.43,0,46,5,4
PSU_CENTRE_CMDAC_APPLES_2,TP862382065550062,6093,6/3/2024,Centre,40.7623,-77.8829,Apples,Codling moth,Cydia pomonella,0,0.14,0.43,0,7,5,4
PSU_CENTRE_CMDAC_APPLES_2,TP862382065550062,6093,6/7/2024,Centre,40.7623,-77.8829,Apples,Codling moth,Cydia pomonella,0,0.14,0.43,0,8,5,4
PSU_CENTRE_CMDAC_APPLES_2,TP862382065550062,6093,6/18/2024,Centre,40.7623,-77.8829,Apples,Codling moth,Cydia pomonella,0,0.14,0.43,0,12,8,4
PSU_CENTRE_CMDAC_APPLES_2,TP862382065550062,6093,6/19/2024,Centre,40.7623,-77.8829,Apples,Codling moth,Cydia pomonella,0,0.14,0.43,0,12,8,4
PSU_CENTRE_CMDAC_APPLES_2,TP862382065550062,6093,6/26/2024,Centre,40.7623,-77.8829,Apples,Codling moth,Cydia pomonella,0,0.14,0.43,0,16,7,4
PSU_CENTRE_CMDAC_APPLES_2,TP862382065550062,6093,6/27/2024,Centre,40.7623,-77.8829,Apples,Codling moth,Cydia pomonella,4,0.14,0.43,4,20,11,4
PSU_CENTRE_CMDAC_APPLES_2,TP862382065550062,6093,7/7/2024,Centre,40.7623,-77.8829,Apples,Codling moth,Cydia pomonella,0,0.14,0.43,0,24,4,4
PSU_CENTRE_CMDAC_APPLES_2,TP862382065550062,6093,7/8/2024,Centre,40.7623,-77.8829,Apples,Codling moth,Cydia pomonella,0,0.14,0.43,0,24,4,4
PSU_CENTRE_CMDAC_APPLES_2,TP862382065550062,6093,7/9/2024,Centre,40.7623,-77.8829,Apples,Codling moth,Cydia pomonella,0,0.14,0.43,0,24,4,4
PSU_DAUPHIN_CMDAC_APPLES_3,TP862382065579277,6007,5/28/2024,Dauphin,40.2501,-76.7659,Apples,Codling moth,Cydia pomonella,0,0.14,0.43,0,97,48,3
PSU_DAUPHIN_CMDAC_APPLES_3,TP862382065579277,6007,6/15/2024,Dauphin,40.2501,-76.7659,Apples,Codling moth,Cydia pomonella,3,0.14,0.43,3,115,33,3
PSU_DAUPHIN_CMDAC_APPLES_3,TP862382065579277,6007,6/23/2024,Dauphin,40.2501,-76.7659,Apples,Codling moth,Cydia pomonella,0,0.14,0.43,0,118,0,3
PSU_DAUPHIN_CMDAC_APPLES_3,TP862382065579277,6007,6/24/2024,Dauphin,40.2501,-76.7659,Apples,Codling moth,Cydia pomonella,0,0.14,0.43,0,118,0,3
PSU_DAUPHIN_CMDAC_APPLES_1,TP862382065585415,6005,5/2/2024,Dauphin,40.2536,-76.7684,Apples,Codling moth,Cydia pomonella,0,0.14,0.43,0,5,2,3
PSU_DAUPHIN_CMDAC_APPLES_1,TP862382065585415,6005,5/3/2024,Dauphin,40.2536,-76.7684,Apples,Codling moth,Cydia pomonella,0,0.14,0.43,0,5,2,3
PSU_DAUPHIN_CMDAC_APPLES_1,TP862382065585415,6005,5/4/2024,Dauphin,40.2536,-76.7684,Apples,Codling moth,Cydia pomonella,2,0.14,0.43,2,7,4,3
PSU_DAUPHIN_CMDAC_APPLES_1,TP862382065585415,6005,5/12/2024,Dauphin,40.2536,-76.7684,Apples,Codling moth,Cydia pomonella,0,0.14,0.43,0,10,5,3
PSU_DAUPHIN_CMDAC_APPLES_1,TP862382065585415,6005,5/13/2024,Dauphin,40.2536,-76.7684,Apples,Codling moth,Cydia pomonella,0,0.14,0.43,0,10,4,3
PSU_DAUPHIN_CMDAC_APPLES_1,TP862382065585415,6005,5/14/2024,Dauphin,40.2536,-76.7684,Apples,Codling moth,Cydia pomonella,9,0.14,0.43,9,19,13,3
PSU_DAUPHIN_CMDAC_APPLES_1,TP862382065585415,6005,6/6/2024,Dauphin,40.2536,-76.7684,Apples,Codling moth,Cydia pomonella,0,0.14,0.43,0,70,25,3
PSU_DAUPHIN_CMDAC_APPLES_1,TP862382065585415,6005,6/7/2024,Dauphin,40.2536,-76.7684,Apples,Codling moth,Cydia pomonella,0,0.14,0.43,0,70,25,3
PSU_DAUPHIN_CMDAC_APPLES_1,TP862382065585415,6005,6/8/2024,Dauphin,40.2536,-76.7684,Apples,Codling moth,Cydia pomonella,2,0.14,0.43,2,72,27,3
PSU_DAUPHIN_CMDAC_APPLES_1,TP862382065585415,6005,6/22/2024,Dauphin,40.2536,-76.7684,Apples,Codling moth,Cydia pomonella,0,0.14,0.43,0,81,20,3
PSU_DAUPHIN_CMDAC_APPLES_1,TP862382065585415,6005,6/23/2024,Dauphin,40.2536,-76.7684,Apples,Codling moth,Cydia pomonella,0,0.14,0.43,0,81,0,3
PSU_DAUPHIN_CMDAC_APPLES_1,TP862382065585415,6005,6/27/2024,Dauphin,40.2536,-76.7684,Apples,Codling moth,Cydia pomonella,5,0.14,0.43,5,87,6,3
PSU_BERKS_CMDAC_APPLES_2,TP862382065550526,6335,6/15/2024,Berks,40.335,-75.6686,Apples,Codling moth,Cydia pomonella,0,0.14,0.43,0,14,10,3
PSU_BERKS_CMDAC_APPLES_2,TP862382065550526,6335,6/16/2024,Berks,40.335,-75.6686,Apples,Codling moth,Cydia pomonella,0,0.14,0.43,0,14,9,3
PSU_BERKS_CMDAC_APPLES_2,TP862382065550526,6335,6/17/2024,Berks,40.335,-75.6686,Apples,Codling moth,Cydia pomonella,0,0.14,0.43,0,14,9,3
PSU_BERKS_CMDAC_APPLES_2,TP862382065550526,6335,6/18/2024,Berks,40.335,-75.6686,Apples,Codling moth,Cydia pomonella,0,0.14,0.43,,14,,3
PSU_BERKS_CMDAC_APPLES_2,TP862382065550526,6335,6/19/2024,Berks,40.335,-75.6686,Apples,Codling moth,Cydia pomonella,0,0.14,0.43,0,14,9,3
PSU_BERKS_CMDAC_APPLES_3,TP862382065571126,7647,7/12/2024,Berks,40.3354,-75.6696,Apples,Codling moth,Cydia pomonella,0,0.14,0.43,0,46,2,3
PSU_BERKS_CMDAC_APPLES_3,TP862382065571126,7647,7/13/2024,Berks,40.3354,-75.6696,Apples,Codling moth,Cydia pomonella,0,0.14,0.43,0,46,2,3
PSU_BERKS_CMDAC_APPLES_3,TP862382065571126,7647,7/14/2024,Berks,40.3354,-75.6696,Apples,Codling moth,Cydia pomonella,1,0.14,0.43,1,47,3,3
PSU_BERKS_CMDAC_APPLES_3,TP862382065571126,7647,7/16/2024,Berks,40.3354,-75.6696,Apples,Codling moth,Cydia pomonella,0,0.14,0.43,0,48,4,3
PSU_CENTRE_CMDAC_APPLES_3,TP862382065565474,6097,5/9/2024,Centre,40.7598,-77.8813,Apples,Codling moth,Cydia pomonella,0,0.14,0.43,0,3,0,3
PSU_CENTRE_CMDAC_APPLES_3,TP862382065565474,6097,5/10/2024,Centre,40.7598,-77.8813,Apples,Codling moth,Cydia pomonella,0,0.14,0.43,0,3,0,3
PSU_CENTRE_CMDAC_APPLES_3,TP862382065565474,6097,5/11/2024,Centre,40.7598,-77.8813,Apples,Codling moth,Cydia pomonella,0,0.14,0.43,0,3,0,3
PSU_CENTRE_CMDAC_APPLES_3,TP862382065565474,6097,5/14/2024,Centre,40.7598,-77.8813,Apples,Codling moth,Cydia pomonella,0,0.14,0.43,0,5,2,3
PSU_CENTRE_CMDAC_APPLES_3,TP862382065565474,6097,5/15/2024,Centre,40.7598,-77.8813,Apples,Codling moth,Cydia pomonella,1,0.14,0.43,1,6,3,3
PSU_CENTRE_CMDAC_APPLES_3,TP862382065565474,6097,5/16/2024,Centre,40.7598,-77.8813,Apples,Codling moth,Cydia pomonella,0,0.14,0.43,0,6,3,3
PSU_CENTRE_CMDAC_APPLES_3,TP862382065565474,6097,5/17/2024,Centre,40.7598,-77.8813,Apples,Codling moth,Cydia pomonella,0,0.14,0.43,0,6,3,3
PSU_CENTRE_CMDAC_APPLES_3,TP862382065565474,6097,5/18/2024,Centre,40.7598,-77.8813,Apples,Codling moth,Cydia pomonella,0,0.14,0.43,0,6,3,3
PSU_CENTRE_CMDAC_APPLES_3,TP862382065565474,6097,5/19/2024,Centre,40.7598,-77.8813,Apples,Codling moth,Cydia pomonella,0,0.14,0.43,0,6,2,3
PSU_CENTRE_CMDAC_APPLES_3,TP862382065565474,6097,5/20/2024,Centre,40.7598,-77.8813,Apples,Codling moth,Cydia pomonella,0,0.14,0.43,0,6,2,3
PSU_CENTRE_CMDAC_APPLES_3,TP862382065565474,6097,6/13/2024,Centre,40.7598,-77.8813,Apples,Codling moth,Cydia pomonella,0,0.14,0.43,0,29,16,3
PSU_CENTRE_CMDAC_APPLES_3,TP862382065565474,6097,6/15/2024,Centre,40.7598,-77.8813,Apples,Codling moth,Cydia pomonella,0,0.14,0.43,0,30,16,3
PSU_CENTRE_CMDAC_APPLES_3,TP862382065565474,6097,6/16/2024,Centre,40.7598,-77.8813,Apples,Codling moth,Cydia pomonella,4,0.14,0.43,4,34,20,3
PSU_CENTRE_CMDAC_APPLES_3,TP862382065565474,6097,6/24/2024,Centre,40.7598,-77.8813,Apples,Codling moth,Cydia pomonella,0,0.14,0.43,0,37,9,3
PSU_CENTRE_CMDAC_APPLES_3,TP862382065565474,6097,6/25/2024,Centre,40.7598,-77.8813,Apples,Codling moth,Cydia pomonella,4,0.14,0.43,4,41,13,3
PSU_CENTRE_CMDAC_APPLES_3,TP862382065565474,6097,7/6/2024,Centre,40.7598,-77.8813,Apples,Codling moth,Cydia pomonella,1,0.14,0.43,1,59,3,3
PSU_CENTRE_CMDAC_APPLES_3,TP862382065565474,6097,7/8/2024,Centre,40.7598,-77.8813,Apples,Codling moth,Cydia pomonella,1,0.14,0.43,1,60,4,3
PSU_CENTRE_CMDAC_APPLES_3,TP862382065565474,6097,7/13/2024,Centre,40.7598,-77.8813,Apples,Codling moth,Cydia pomonella,1,0.14,0.43,1,62,6,3
PSU_CENTRE_CMDAC_APPLES_3,TP862382065565474,6097,7/14/2024,Centre,40.7598,-77.8813,Apples,Codling moth,Cydia pomonella,0,0.14,0.43,0,62,6,3
PSU_CENTRE_CMDAC_APPLES_3,TP862382065565474,6097,7/15/2024,Centre,40.7598,-77.8813,Apples,Codling moth,Cydia pomonella,0,0.14,0.43,0,62,5,3
PSU_CENTRE_CMDAC_APPLES_1,TP862382065548868,6091,5/24/2024,Centre,40.7607,-77.8821,Apples,Codling moth,Cydia pomonella,0,0.14,0.43,0,19,6,3
PSU_CENTRE_CMDAC_APPLES_1,TP862382065548868,6091,6/18/2024,Centre,40.7607,-77.8821,Apples,Codling moth,Cydia pomonella,1,0.14,0.43,1,31,7,3
PSU_CENTRE_CMDAC_APPLES_1,TP862382065548868,6091,6/24/2024,Centre,40.7607,-77.8821,Apples,Codling moth,Cydia pomonella,2,0.14,0.43,2,35,9,3
PSU_CENTRE_CMDAC_APPLES_1,TP862382065548868,6091,7/9/2024,Centre,40.7607,-77.8821,Apples,Codling moth,Cydia pomonella,0,0.14,0.43,0,44,3,3
PSU_CENTRE_CMDAC_APPLES_1,TP862382065548868,6091,7/14/2024,Centre,40.7607,-77.8821,Apples,Codling moth,Cydia pomonella,0,0.14,0.43,0,46,4,3
PSU_CENTRE_CMDAC_APPLES_1,TP862382065548868,6091,7/15/2024,Centre,40.7607,-77.8821,Apples,Codling moth,Cydia pomonella,3,0.14,0.43,3,49,7,3
PSU_CENTRE_CMDAC_APPLES_2,TP862382065550062,6093,5/24/2024,Centre,40.7623,-77.8829,Apples,Codling moth,Cydia pomonella,0,0.14,0.43,0,3,3,3
PSU_CENTRE_CMDAC_APPLES_2,TP862382065550062,6093,6/2/2024,Centre,40.7623,-77.8829,Apples,Codling moth,Cydia pomonella,1,0.14,0.43,1,7,6,3
PSU_CENTRE_CMDAC_APPLES_2,TP862382065550062,6093,6/4/2024,Centre,40.7623,-77.8829,Apples,Codling moth,Cydia pomonella,0,0.14,0.43,0,7,5,3
PSU_CENTRE_CMDAC_APPLES_2,TP862382065550062,6093,6/5/2024,Centre,40.7623,-77.8829,Apples,Codling moth,Cydia pomonella,0,0.14,0.43,0,7,4,3
PSU_CENTRE_CMDAC_APPLES_2,TP862382065550062,6093,6/6/2024,Centre,40.7623,-77.8829,Apples,Codling moth,Cydia pomonella,1,0.14,0.43,1,8,5,3
PSU_CENTRE_CMDAC_APPLES_2,TP862382065550062,6093,6/8/2024,Centre,40.7623,-77.8829,Apples,Codling moth,Cydia pomonella,0,0.14,0.43,0,8,5,3
PSU_CENTRE_CMDAC_APPLES_2,TP862382065550062,6093,6/20/2024,Centre,40.7623,-77.8829,Apples,Codling moth,Cydia pomonella,0,0.14,0.43,0,12,8,3
PSU_CENTRE_CMDAC_APPLES_2,TP862382065550062,6093,6/21/2024,Centre,40.7623,-77.8829,Apples,Codling moth,Cydia pomonella,2,0.14,0.43,2,14,10,3
PSU_CENTRE_CMDAC_APPLES_2,TP862382065550062,6093,6/25/2024,Centre,40.7623,-77.8829,Apples,Codling moth,Cydia pomonella,1,0.14,0.43,1,16,9,3
PSU_CENTRE_CMDAC_APPLES_2,TP862382065550062,6093,7/6/2024,Centre,40.7623,-77.8829,Apples,Codling moth,Cydia pomonella,1,0.14,0.43,1,24,4,3
PSU_CENTRE_CMDAC_APPLES_2,TP862382065550062,6093,7/10/2024,Centre,40.7623,-77.8829,Apples,Codling moth,Cydia pomonella,0,0.14,0.43,0,24,4,3
PSU_CENTRE_CMDAC_APPLES_2,TP862382065550062,6093,7/11/2024,Centre,40.7623,-77.8829,Apples,Codling moth,Cydia pomonella,0,0.14,0.43,0,24,4,3
PSU_DAUPHIN_CMDAC_APPLES_3,TP862382065579277,6007,5/29/2024,Dauphin,40.2501,-76.7659,Apples,Codling moth,Cydia pomonella,0,0.14,0.43,0,97,46,2
PSU_DAUPHIN_CMDAC_APPLES_3,TP862382065579277,6007,6/25/2024,Dauphin,40.2501,-76.7659,Apples,Codling moth,Cydia pomonella,1,0.14,0.43,1,119,1,2
PSU_DAUPHIN_CMDAC_APPLES_3,TP862382065579277,6007,6/26/2024,Dauphin,40.2501,-76.7659,Apples,Codling moth,Cydia pomonella,0,0.14,0.43,0,119,0,2
PSU_DAUPHIN_CMDAC_APPLES_3,TP862382065579277,6007,6/27/2024,Dauphin,40.2501,-76.7659,Apples,Codling moth,Cydia pomonella,5,0.14,0.43,5,124,5,2
PSU_DAUPHIN_CMDAC_APPLES_3,TP862382065579277,6007,7/7/2024,Dauphin,40.2501,-76.7659,Apples,Codling moth,Cydia pomonella,0,0.14,0.43,0,126,1,2
PSU_DAUPHIN_CMDAC_APPLES_3,TP862382065579277,6007,7/8/2024,Dauphin,40.2501,-76.7659,Apples,Codling moth,Cydia pomonella,0,0.14,0.43,0,126,1,2
PSU_DAUPHIN_CMDAC_APPLES_3,TP862382065579277,6007,7/9/2024,Dauphin,40.2501,-76.7659,Apples,Codling moth,Cydia pomonella,0,0.14,0.43,0,126,1,2
PSU_DAUPHIN_CMDAC_APPLES_3,TP862382065579277,6007,7/10/2024,Dauphin,40.2501,-76.7659,Apples,Codling moth,Cydia pomonella,0,0.14,0.43,0,126,1,2
PSU_DAUPHIN_CMDAC_APPLES_3,TP862382065579277,6007,7/11/2024,Dauphin,40.2501,-76.7659,Apples,Codling moth,Cydia pomonella,0,0.14,0.43,0,126,1,2
PSU_DAUPHIN_CMDAC_APPLES_1,TP862382065585415,6005,4/22/2024,Dauphin,40.2536,-76.7684,Apples,Codling moth,Cydia pomonella,0,0.14,0.43,0,2,1,2
PSU_DAUPHIN_CMDAC_APPLES_1,TP862382065585415,6005,4/23/2024,Dauphin,40.2536,-76.7684,Apples,Codling moth,Cydia pomonella,0,0.14,0.43,0,2,0,2
PSU_DAUPHIN_CMDAC_APPLES_1,TP862382065585415,6005,4/24/2024,Dauphin,40.2536,-76.7684,Apples,Codling moth,Cydia pomonella,0,0.14,0.43,0,2,0,2
PSU_DAUPHIN_CMDAC_APPLES_1,TP862382065585415,6005,4/25/2024,Dauphin,40.2536,-76.7684,Apples,Codling moth,Cydia pomonella,0,0.14,0.43,0,2,0,2
PSU_DAUPHIN_CMDAC_APPLES_1,TP862382065585415,6005,4/26/2024,Dauphin,40.2536,-76.7684,Apples,Codling moth,Cydia pomonella,0,0.14,0.43,0,2,0,2
PSU_DAUPHIN_CMDAC_APPLES_1,TP862382065585415,6005,4/27/2024,Dauphin,40.2536,-76.7684,Apples,Codling moth,Cydia pomonella,0,0.14,0.43,0,2,0,2
PSU_DAUPHIN_CMDAC_APPLES_1,TP862382065585415,6005,4/28/2024,Dauphin,40.2536,-76.7684,Apples,Codling moth,Cydia pomonella,0,0.14,0.43,0,2,0,2
PSU_DAUPHIN_CMDAC_APPLES_1,TP862382065585415,6005,5/26/2024,Dauphin,40.2536,-76.7684,Apples,Codling moth,Cydia pomonella,0,0.14,0.43,0,62,30,2
PSU_DAUPHIN_CMDAC_APPLES_1,TP862382065585415,6005,5/27/2024,Dauphin,40.2536,-76.7684,Apples,Codling moth,Cydia pomonella,0,0.14,0.43,0,62,29,2
PSU_DAUPHIN_CMDAC_APPLES_1,TP862382065585415,6005,5/28/2024,Dauphin,40.2536,-76.7684,Apples,Codling moth,Cydia pomonella,0,0.14,0.43,0,62,29,2
PSU_DAUPHIN_CMDAC_APPLES_1,TP862382065585415,6005,5/29/2024,Dauphin,40.2536,-76.7684,Apples,Codling moth,Cydia pomonella,5,0.14,0.43,5,67,34,2
PSU_DAUPHIN_CMDAC_APPLES_1,TP862382065585415,6005,6/24/2024,Dauphin,40.2536,-76.7684,Apples,Codling moth,Cydia pomonella,0,0.14,0.43,0,81,0,2
PSU_DAUPHIN_CMDAC_APPLES_1,TP862382065585415,6005,6/25/2024,Dauphin,40.2536,-76.7684,Apples,Codling moth,Cydia pomonella,0,0.14,0.43,0,81,0,2
PSU_DAUPHIN_CMDAC_APPLES_1,TP862382065585415,6005,6/26/2024,Dauphin,40.2536,-76.7684,Apples,Codling moth,Cydia pomonella,1,0.14,0.43,1,82,1,2
PSU_BERKS_CMDAC_APPLES_1,TP862382065571092,6333,5/26/2024,Berks,40.3337,-75.6654,Apples,Codling moth,Cydia pomonella,0,0.14,0.43,0,3,2,2
PSU_BERKS_CMDAC_APPLES_1,TP862382065571092,6333,5/27/2024,Berks,40.3337,-75.6654,Apples,Codling moth,Cydia pomonella,0,0.14,0.43,0,3,2,2
PSU_BERKS_CMDAC_APPLES_1,TP862382065571092,6333,5/28/2024,Berks,40.3337,-75.6654,Apples,Codling moth,Cydia pomonella,0,0.14,0.43,0,3,2,2
PSU_BERKS_CMDAC_APPLES_1,TP862382065571092,6333,5/29/2024,Berks,40.3337,-75.6654,Apples,Codling moth,Cydia pomonella,0,0.14,0.43,0,3,0,2
PSU_BERKS_CMDAC_APPLES_1,TP862382065571092,6333,5/30/2024,Berks,40.3337,-75.6654,Apples,Codling moth,Cydia pomonella,2,0.14,0.43,2,5,2,2
PSU_BERKS_CMDAC_APPLES_1,TP862382065571092,6333,6/9/2024,Berks,40.3337,-75.6654,Apples,Codling moth,Cydia pomonella,0,0.14,0.43,0,9,2,2
PSU_BERKS_CMDAC_APPLES_1,TP862382065571092,6333,6/10/2024,Berks,40.3337,-75.6654,Apples,Codling moth,Cydia pomonella,1,0.14,0.43,1,10,3,2
PSU_BERKS_CMDAC_APPLES_1,TP862382065571092,6333,6/11/2024,Berks,40.3337,-75.6654,Apples,Codling moth,Cydia pomonella,0,0.14,0.43,0,10,3,2
PSU_BERKS_CMDAC_APPLES_1,TP862382065571092,6333,6/12/2024,Berks,40.3337,-75.6654,Apples,Codling moth,Cydia pomonella,0,0.14,0.43,0,10,3,2
PSU_BERKS_CMDAC_APPLES_1,TP862382065571092,6333,6/13/2024,Berks,40.3337,-75.6654,Apples,Codling moth,Cydia pomonella,0,0.14,0.43,0,10,3,2
PSU_BERKS_CMDAC_APPLES_2,TP862382065550526,6335,5/23/2024,Berks,40.335,-75.6686,Apples,Codling moth,Cydia pomonella,0.5333,0.14,0.43,,3,,2
PSU_BERKS_CMDAC_APPLES_2,TP862382065550526,6335,5/24/2024,Berks,40.335,-75.6686,Apples,Codling moth,Cydia pomonella,0.5333,0.14,0.43,,3,,2
PSU_BERKS_CMDAC_APPLES_2,TP862382065550526,6335,5/25/2024,Berks,40.335,-75.6686,Apples,Codling moth,Cydia pomonella,0.5333,0.14,0.43,,3,,2
PSU_BERKS_CMDAC_APPLES_2,TP862382065550526,6335,5/26/2024,Berks,40.335,-75.6686,Apples,Codling moth,Cydia pomonella,0.5333,0.14,0.43,,3,,2
PSU_BERKS_CMDAC_APPLES_2,TP862382065550526,6335,5/27/2024,Berks,40.335,-75.6686,Apples,Codling moth,Cydia pomonella,0.5333,0.14,0.43,,3,,2
PSU_BERKS_CMDAC_APPLES_2,TP862382065550526,6335,5/28/2024,Berks,40.335,-75.6686,Apples,Codling moth,Cydia pomonella,0.5333,0.14,0.43,,3,,2
PSU_BERKS_CMDAC_APPLES_2,TP862382065550526,6335,5/29/2024,Berks,40.335,-75.6686,Apples,Codling moth,Cydia pomonella,0.5333,0.14,0.43,,3,,2
PSU_BERKS_CMDAC_APPLES_2,TP862382065550526,6335,6/14/2024,Berks,40.335,-75.6686,Apples,Codling moth,Cydia pomonella,1,0.14,0.43,1,14,10,2
PSU_BERKS_CMDAC_APPLES_2,TP862382065550526,6335,6/20/2024,Berks,40.335,-75.6686,Apples,Codling moth,Cydia pomonella,0,0.14,0.43,,14,,2
PSU_BERKS_CMDAC_APPLES_2,TP862382065550526,6335,6/28/2024,Berks,40.335,-75.6686,Apples,Codling moth,Cydia pomonella,0,0.14,0.43,0,16,5,2
PSU_BERKS_CMDAC_APPLES_2,TP862382065550526,6335,6/29/2024,Berks,40.335,-75.6686,Apples,Codling moth,Cydia pomonella,0,0.14,0.43,,16,,2
PSU_BERKS_CMDAC_APPLES_2,TP862382065550526,6335,6/30/2024,Berks,40.335,-75.6686,Apples,Codling moth,Cydia pomonella,0,0.14,0.43,0,16,4,2
PSU_BERKS_CMDAC_APPLES_2,TP862382065550526,6335,7/1/2024,Berks,40.335,-75.6686,Apples,Codling moth,Cydia pomonella,0,0.14,0.43,0,16,4,2
PSU_BERKS_CMDAC_APPLES_2,TP862382065550526,6335,7/2/2024,Berks,40.335,-75.6686,Apples,Codling moth,Cydia pomonella,0,0.14,0.43,0,16,4,2
PSU_BERKS_CMDAC_APPLES_2,TP862382065550526,6335,7/3/2024,Berks,40.335,-75.6686,Apples,Codling moth,Cydia pomonella,0,0.14,0.43,0,16,3,2
PSU_BERKS_CMDAC_APPLES_3,TP862382065571126,7647,6/25/2024,Berks,40.3354,-75.6696,Apples,Codling moth,Cydia pomonella,4,0.14,0.43,4,30,19,2
PSU_BERKS_CMDAC_APPLES_3,TP862382065571126,7647,7/9/2024,Berks,40.3354,-75.6696,Apples,Codling moth,Cydia pomonella,0,0.14,0.43,0,45,2,2
PSU_BERKS_CMDAC_APPLES_3,TP862382065571126,7647,7/10/2024,Berks,40.3354,-75.6696,Apples,Codling moth,Cydia pomonella,0,0.14,0.43,0,45,1,2
PSU_BERKS_CMDAC_APPLES_3,TP862382065571126,7647,7/11/2024,Berks,40.3354,-75.6696,Apples,Codling moth,Cydia pomonella,1,0.14,0.43,1,46,2,2
PSU_BERKS_CMDAC_APPLES_3,TP862382065571126,7647,7/15/2024,Berks,40.3354,-75.6696,Apples,Codling moth,Cydia pomonella,1,0.14,0.43,1,48,4,2
PSU_CENTRE_CMDAC_APPLES_3,TP862382065565474,6097,5/7/2024,Centre,40.7598,-77.8813,Apples,Codling moth,Cydia pomonella,0,0.14,0.43,0,2,0,2
PSU_CENTRE_CMDAC_APPLES_3,TP862382065565474,6097,5/8/2024,Centre,40.7598,-77.8813,Apples,Codling moth,Cydia pomonella,1,0.14,0.43,1,3,1,2
PSU_CENTRE_CMDAC_APPLES_3,TP862382065565474,6097,5/12/2024,Centre,40.7598,-77.8813,Apples,Codling moth,Cydia pomonella,0,0.14,0.43,0,3,0,2
PSU_CENTRE_CMDAC_APPLES_3,TP862382065565474,6097,5/13/2024,Centre,40.7598,-77.8813,Apples,Codling moth,Cydia pomonella,2,0.14,0.43,2,5,2,2
PSU_CENTRE_CMDAC_APPLES_3,TP862382065565474,6097,5/23/2024,Centre,40.7598,-77.8813,Apples,Codling moth,Cydia pomonella,0,0.14,0.43,0,8,0,2
PSU_CENTRE_CMDAC_APPLES_3,TP862382065565474,6097,5/24/2024,Centre,40.7598,-77.8813,Apples,Codling moth,Cydia pomonella,3,0.14,0.43,3,11,3,2
PSU_CENTRE_CMDAC_APPLES_3,TP862382065565474,6097,6/14/2024,Centre,40.7598,-77.8813,Apples,Codling moth,Cydia pomonella,1,0.14,0.43,1,30,17,2
PSU_CENTRE_CMDAC_APPLES_3,TP862382065565474,6097,7/5/2024,Centre,40.7598,-77.8813,Apples,Codling moth,Cydia pomonella,1,0.14,0.43,1,58,2,2
PSU_CENTRE_CMDAC_APPLES_3,TP862382065565474,6097,7/16/2024,Centre,40.7598,-77.8813,Apples,Codling moth,Cydia pomonella,2,0.14,0.43,2,64,7,2
PSU_CENTRE_CMDAC_APPLES_1,TP862382065548868,6091,5/4/2024,Centre,40.7607,-77.8821,Apples,Codling moth,Cydia pomonella,3,0.14,0.43,3,5,4,2
PSU_CENTRE_CMDAC_APPLES_1,TP862382065548868,6091,5/25/2024,Centre,40.7607,-77.8821,Apples,Codling moth,Cydia pomonella,0,0.14,0.43,0,19,5,2
PSU_CENTRE_CMDAC_APPLES_1,TP862382065548868,6091,5/26/2024,Centre,40.7607,-77.8821,Apples,Codling moth,Cydia pomonella,1,0.14,0.43,1,20,6,2
PSU_CENTRE_CMDAC_APPLES_1,TP862382065548868,6091,5/27/2024,Centre,40.7607,-77.8821,Apples,Codling moth,Cydia pomonella,0,0.14,0.43,0,20,6,2
PSU_CENTRE_CMDAC_APPLES_1,TP862382065548868,6091,5/28/2024,Centre,40.7607,-77.8821,Apples,Codling moth,Cydia pomonella,1,0.14,0.43,1,21,7,2
PSU_CENTRE_CMDAC_APPLES_1,TP862382065548868,6091,5/29/2024,Centre,40.7607,-77.8821,Apples,Codling moth,Cydia pomonella,0,0.14,0.43,0,21,6,2
PSU_CENTRE_CMDAC_APPLES_1,TP862382065548868,6091,5/30/2024,Centre,40.7607,-77.8821,Apples,Codling moth,Cydia pomonella,0,0.14,0.43,0,21,6,2
PSU_CENTRE_CMDAC_APPLES_1,TP862382065548868,6091,5/31/2024,Centre,40.7607,-77.8821,Apples,Codling moth,Cydia pomonella,0,0.14,0.43,0,21,6,2
PSU_CENTRE_CMDAC_APPLES_1,TP862382065548868,6091,6/1/2024,Centre,40.7607,-77.8821,Apples,Codling moth,Cydia pomonella,0,0.14,0.43,0,21,6,2
PSU_CENTRE_CMDAC_APPLES_1,TP862382065548868,6091,6/2/2024,Centre,40.7607,-77.8821,Apples,Codling moth,Cydia pomonella,0,0.14,0.43,0,21,6,2
PSU_CENTRE_CMDAC_APPLES_1,TP862382065548868,6091,6/4/2024,Centre,40.7607,-77.8821,Apples,Codling moth,Cydia pomonella,0,0.14,0.43,0,22,6,2
PSU_CENTRE_CMDAC_APPLES_1,TP862382065548868,6091,6/6/2024,Centre,40.7607,-77.8821,Apples,Codling moth,Cydia pomonella,0,0.14,0.43,0,23,5,2
PSU_CENTRE_CMDAC_APPLES_1,TP862382065548868,6091,6/7/2024,Centre,40.7607,-77.8821,Apples,Codling moth,Cydia pomonella,0,0.14,0.43,0,23,4,2
PSU_CENTRE_CMDAC_APPLES_1,TP862382065548868,6091,6/8/2024,Centre,40.7607,-77.8821,Apples,Codling moth,Cydia pomonella,2,0.14,0.43,2,25,6,2
PSU_CENTRE_CMDAC_APPLES_1,TP862382065548868,6091,6/23/2024,Centre,40.7607,-77.8821,Apples,Codling moth,Cydia pomonella,1,0.14,0.43,1,33,7,2
PSU_CENTRE_CMDAC_APPLES_1,TP862382065548868,6091,7/7/2024,Centre,40.7607,-77.8821,Apples,Codling moth,Cydia pomonella,0,0.14,0.43,0,43,2,2
PSU_CENTRE_CMDAC_APPLES_1,TP862382065548868,6091,7/8/2024,Centre,40.7607,-77.8821,Apples,Codling moth,Cydia pomonella,1,0.14,0.43,1,44,3,2
PSU_CENTRE_CMDAC_APPLES_1,TP862382065548868,6091,7/10/2024,Centre,40.7607,-77.8821,Apples,Codling moth,Cydia pomonella,0,0.14,0.43,0,44,3,2
PSU_CENTRE_CMDAC_APPLES_1,TP862382065548868,6091,7/11/2024,Centre,40.7607,-77.8821,Apples,Codling moth,Cydia pomonella,0,0.14,0.43,0,44,3,2
PSU_CENTRE_CMDAC_APPLES_1,TP862382065548868,6091,7/12/2024,Centre,40.7607,-77.8821,Apples,Codling moth,Cydia pomonella,2,0.14,0.43,2,46,5,2
PSU_CENTRE_CMDAC_APPLES_2,TP862382065550062,6093,5/21/2024,Centre,40.7623,-77.8829,Apples,Codling moth,Cydia pomonella,0,0.14,0.43,0,2,2,2
PSU_CENTRE_CMDAC_APPLES_2,TP862382065550062,6093,5/22/2024,Centre,40.7623,-77.8829,Apples,Codling moth,Cydia pomonella,0,0.14,0.43,0,2,2,2
PSU_CENTRE_CMDAC_APPLES_2,TP862382065550062,6093,5/23/2024,Centre,40.7623,-77.8829,Apples,Codling moth,Cydia pomonella,1,0.14,0.43,1,3,3,2
PSU_CENTRE_CMDAC_APPLES_2,TP862382065550062,6093,5/25/2024,Centre,40.7623,-77.8829,Apples,Codling moth,Cydia pomonella,0,0.14,0.43,0,3,3,2
PSU_CENTRE_CMDAC_APPLES_2,TP862382065550062,6093,5/26/2024,Centre,40.7623,-77.8829,Apples,Codling moth,Cydia pomonella,0,0.14,0.43,0,3,3,2
PSU_CENTRE_CMDAC_APPLES_2,TP862382065550062,6093,5/27/2024,Centre,40.7623,-77.8829,Apples,Codling moth,Cydia pomonella,1,0.14,0.43,1,4,4,2
PSU_CENTRE_CMDAC_APPLES_2,TP862382065550062,6093,5/28/2024,Centre,40.7623,-77.8829,Apples,Codling moth,Cydia pomonella,0,0.14,0.43,0,4,3,2
PSU_CENTRE_CMDAC_APPLES_2,TP862382065550062,6093,5/29/2024,Centre,40.7623,-77.8829,Apples,Codling moth,Cydia pomonella,0,0.14,0.43,0,4,3,2
PSU_CENTRE_CMDAC_APPLES_2,TP862382065550062,6093,5/30/2024,Centre,40.7623,-77.8829,Apples,Codling moth,Cydia pomonella,0,0.14,0.43,0,4,3,2
PSU_CENTRE_CMDAC_APPLES_2,TP862382065550062,6093,6/1/2024,Centre,40.7623,-77.8829,Apples,Codling moth,Cydia pomonella,1,0.14,0.43,1,6,5,2
PSU_CENTRE_CMDAC_APPLES_2,TP862382065550062,6093,6/9/2024,Centre,40.7623,-77.8829,Apples,Codling moth,Cydia pomonella,0,0.14,0.43,0,8,5,2
PSU_CENTRE_CMDAC_APPLES_2,TP862382065550062,6093,6/13/2024,Centre,40.7623,-77.8829,Apples,Codling moth,Cydia pomonella,0,0.14,0.43,0,9,5,2
PSU_CENTRE_CMDAC_APPLES_2,TP862382065550062,6093,7/5/2024,Centre,40.7623,-77.8829,Apples,Codling moth,Cydia pomonella,1,0.14,0.43,1,23,3,2
PSU_CENTRE_CMDAC_APPLES_2,TP862382065550062,6093,7/12/2024,Centre,40.7623,-77.8829,Apples,Codling moth,Cydia pomonella,0,0.14,0.43,0,24,4,2
PSU_CENTRE_CMDAC_APPLES_2,TP862382065550062,6093,7/14/2024,Centre,40.7623,-77.8829,Apples,Codling moth,Cydia pomonella,0,0.14,0.43,0,26,6,2
PSU_CENTRE_CMDAC_APPLES_2,TP862382065550062,6093,7/15/2024,Centre,40.7623,-77.8829,Apples,Codling moth,Cydia pomonella,0,0.14,0.43,0,26,5,2
PSU_CENTRE_CMDAC_APPLES_2,TP862382065550062,6093,7/16/2024,Centre,40.7623,-77.8829,Apples,Codling moth,Cydia pomonella,0,0.14,0.43,0,26,5,2
PSU_DAUPHIN_CMDAC_APPLES_3,TP862382065579277,6007,5/30/2024,Dauphin,40.2501,-76.7659,Apples,Codling moth,Cydia pomonella,0,0.14,0.43,0,97,41,1
PSU_DAUPHIN_CMDAC_APPLES_3,TP862382065579277,6007,5/31/2024,Dauphin,40.2501,-76.7659,Apples,Codling moth,Cydia pomonella,5,0.14,0.43,5,102,46,1
PSU_DAUPHIN_CMDAC_APPLES_3,TP862382065579277,6007,7/5/2024,Dauphin,40.2501,-76.7659,Apples,Codling moth,Cydia pomonella,0,0.14,0.43,0,125,0,1
PSU_DAUPHIN_CMDAC_APPLES_3,TP862382065579277,6007,7/6/2024,Dauphin,40.2501,-76.7659,Apples,Codling moth,Cydia pomonella,1,0.14,0.43,1,126,1,1
PSU_DAUPHIN_CMDAC_APPLES_3,TP862382065579277,6007,7/12/2024,Dauphin,40.2501,-76.7659,Apples,Codling moth,Cydia pomonella,0,0.14,0.43,0,126,1,1
PSU_DAUPHIN_CMDAC_APPLES_3,TP862382065579277,6007,7/13/2024,Dauphin,40.2501,-76.7659,Apples,Codling moth,Cydia pomonella,0,0.14,0.43,0,126,1,1
PSU_DAUPHIN_CMDAC_APPLES_1,TP862382065585415,6005,4/30/2024,Dauphin,40.2536,-76.7684,Apples,Codling moth,Cydia pomonella,0,0.14,0.43,0,3,0,1
PSU_DAUPHIN_CMDAC_APPLES_1,TP862382065585415,6005,5/1/2024,Dauphin,40.2536,-76.7684,Apples,Codling moth,Cydia pomonella,2,0.14,0.43,2,5,2,1
PSU_BERKS_CMDAC_APPLES_1,TP862382065571092,6333,5/2/2024,Berks,40.3337,-75.6654,Apples,Codling moth,Cydia pomonella,0,0.14,0.43,0,1,1,1
PSU_BERKS_CMDAC_APPLES_1,TP862382065571092,6333,5/3/2024,Berks,40.3337,-75.6654,Apples,Codling moth,Cydia pomonella,0,0.14,0.43,0,1,1,1
PSU_BERKS_CMDAC_APPLES_1,TP862382065571092,6333,5/4/2024,Berks,40.3337,-75.6654,Apples,Codling moth,Cydia pomonella,0,0.14,0.43,0,1,1,1
PSU_BERKS_CMDAC_APPLES_1,TP862382065571092,6333,5/5/2024,Berks,40.3337,-75.6654,Apples,Codling moth,Cydia pomonella,0,0.14,0.43,0,1,0,1
PSU_BERKS_CMDAC_APPLES_1,TP862382065571092,6333,5/6/2024,Berks,40.3337,-75.6654,Apples,Codling moth,Cydia pomonella,0,0.14,0.43,0,1,0,1
PSU_BERKS_CMDAC_APPLES_1,TP862382065571092,6333,5/7/2024,Berks,40.3337,-75.6654,Apples,Codling moth,Cydia pomonella,0,0.14,0.43,0,1,0,1
PSU_BERKS_CMDAC_APPLES_1,TP862382065571092,6333,5/8/2024,Berks,40.3337,-75.6654,Apples,Codling moth,Cydia pomonella,0,0.14,0.43,0,1,0,1
PSU_BERKS_CMDAC_APPLES_1,TP862382065571092,6333,6/14/2024,Berks,40.3337,-75.6654,Apples,Codling moth,Cydia pomonella,0,0.14,0.43,0,10,1,1
PSU_BERKS_CMDAC_APPLES_1,TP862382065571092,6333,6/15/2024,Berks,40.3337,-75.6654,Apples,Codling moth,Cydia pomonella,0,0.14,0.43,0,10,1,1
PSU_BERKS_CMDAC_APPLES_1,TP862382065571092,6333,6/16/2024,Berks,40.3337,-75.6654,Apples,Codling moth,Cydia pomonella,0,0.14,0.43,0,10,1,1
PSU_BERKS_CMDAC_APPLES_1,TP862382065571092,6333,6/17/2024,Berks,40.3337,-75.6654,Apples,Codling moth,Cydia pomonella,0,0.14,0.43,0,10,1,1
PSU_BERKS_CMDAC_APPLES_1,TP862382065571092,6333,6/27/2024,Berks,40.3337,-75.6654,Apples,Codling moth,Cydia pomonella,0,0.14,0.43,0,11,0,1
PSU_BERKS_CMDAC_APPLES_1,TP862382065571092,6333,6/28/2024,Berks,40.3337,-75.6654,Apples,Codling moth,Cydia pomonella,0,0.14,0.43,0,11,0,1
PSU_BERKS_CMDAC_APPLES_1,TP862382065571092,6333,6/29/2024,Berks,40.3337,-75.6654,Apples,Codling moth,Cydia pomonella,0,0.14,0.43,0,11,0,1
PSU_BERKS_CMDAC_APPLES_1,TP862382065571092,6333,6/30/2024,Berks,40.3337,-75.6654,Apples,Codling moth,Cydia pomonella,0,0.14,0.43,0,11,0,1
PSU_BERKS_CMDAC_APPLES_1,TP862382065571092,6333,7/1/2024,Berks,40.3337,-75.6654,Apples,Codling moth,Cydia pomonella,0,0.14,0.43,0,11,0,1
PSU_BERKS_CMDAC_APPLES_1,TP862382065571092,6333,7/2/2024,Berks,40.3337,-75.6654,Apples,Codling moth,Cydia pomonella,0,0.14,0.43,0,11,0,1
PSU_BERKS_CMDAC_APPLES_1,TP862382065571092,6333,7/3/2024,Berks,40.3337,-75.6654,Apples,Codling moth,Cydia pomonella,1,0.14,0.43,1,12,1,1
PSU_BERKS_CMDAC_APPLES_1,TP862382065571092,6333,7/4/2024,Berks,40.3337,-75.6654,Apples,Codling moth,Cydia pomonella,0,0.14,0.43,0,12,0,1
PSU_BERKS_CMDAC_APPLES_1,TP862382065571092,6333,7/5/2024,Berks,40.3337,-75.6654,Apples,Codling moth,Cydia pomonella,0,0.14,0.43,0,12,0,1
PSU_BERKS_CMDAC_APPLES_1,TP862382065571092,6333,7/6/2024,Berks,40.3337,-75.6654,Apples,Codling moth,Cydia pomonella,0,0.14,0.43,0,12,0,1
PSU_BERKS_CMDAC_APPLES_1,TP862382065571092,6333,7/7/2024,Berks,40.3337,-75.6654,Apples,Codling moth,Cydia pomonella,0,0.14,0.43,0,12,0,1
PSU_BERKS_CMDAC_APPLES_1,TP862382065571092,6333,7/8/2024,Berks,40.3337,-75.6654,Apples,Codling moth,Cydia pomonella,0,0.14,0.43,0,12,0,1
PSU_BERKS_CMDAC_APPLES_1,TP862382065571092,6333,7/9/2024,Berks,40.3337,-75.6654,Apples,Codling moth,Cydia pomonella,0,0.14,0.43,0,12,0,1
PSU_BERKS_CMDAC_APPLES_1,TP862382065571092,6333,7/10/2024,Berks,40.3337,-75.6654,Apples,Codling moth,Cydia pomonella,0,0.14,0.43,0,12,0,1
PSU_BERKS_CMDAC_APPLES_2,TP862382065550526,6335,5/5/2024,Berks,40.335,-75.6686,Apples,Codling moth,Cydia pomonella,0,0.14,0.43,0,1,1,1
PSU_BERKS_CMDAC_APPLES_2,TP862382065550526,6335,5/6/2024,Berks,40.335,-75.6686,Apples,Codling moth,Cydia pomonella,0,0.14,0.43,,1,,1
PSU_BERKS_CMDAC_APPLES_2,TP862382065550526,6335,5/7/2024,Berks,40.335,-75.6686,Apples,Codling moth,Cydia pomonella,0,0.14,0.43,,1,,1
PSU_BERKS_CMDAC_APPLES_2,TP862382065550526,6335,5/8/2024,Berks,40.335,-75.6686,Apples,Codling moth,Cydia pomonella,0,0.14,0.43,,1,,1
PSU_BERKS_CMDAC_APPLES_2,TP862382065550526,6335,5/9/2024,Berks,40.335,-75.6686,Apples,Codling moth,Cydia pomonella,0,0.14,0.43,,1,,1
PSU_BERKS_CMDAC_APPLES_2,TP862382065550526,6335,5/10/2024,Berks,40.335,-75.6686,Apples,Codling moth,Cydia pomonella,0,0.14,0.43,0,1,1,1
PSU_BERKS_CMDAC_APPLES_2,TP862382065550526,6335,5/11/2024,Berks,40.335,-75.6686,Apples,Codling moth,Cydia pomonella,0,0.14,0.43,0,1,1,1
PSU_BERKS_CMDAC_APPLES_2,TP862382065550526,6335,6/21/2024,Berks,40.335,-75.6686,Apples,Codling moth,Cydia pomonella,0,0.14,0.43,,14,,1
PSU_BERKS_CMDAC_APPLES_2,TP862382065550526,6335,6/27/2024,Berks,40.335,-75.6686,Apples,Codling moth,Cydia pomonella,1,0.14,0.43,1,16,8,1
PSU_BERKS_CMDAC_APPLES_2,TP862382065550526,6335,7/4/2024,Berks,40.335,-75.6686,Apples,Codling moth,Cydia pomonella,0,0.14,0.43,0,16,0,1
PSU_BERKS_CMDAC_APPLES_2,TP862382065550526,6335,7/16/2024,Berks,40.335,-75.6686,Apples,Codling moth,Cydia pomonella,0,0.14,0.43,0,17,1,1
PSU_CENTRE_CMDAC_APPLES_3,TP862382065565474,6097,5/5/2024,Centre,40.7598,-77.8813,Apples,Codling moth,Cydia pomonella,0,0.14,0.43,0,1,1,1
PSU_CENTRE_CMDAC_APPLES_3,TP862382065565474,6097,5/6/2024,Centre,40.7598,-77.8813,Apples,Codling moth,Cydia pomonella,1,0.14,0.43,1,2,2,1
PSU_CENTRE_CMDAC_APPLES_3,TP862382065565474,6097,5/21/2024,Centre,40.7598,-77.8813,Apples,Codling moth,Cydia pomonella,0,0.14,0.43,0,6,2,1
PSU_CENTRE_CMDAC_APPLES_3,TP862382065565474,6097,5/22/2024,Centre,40.7598,-77.8813,Apples,Codling moth,Cydia pomonella,2,0.14,0.43,2,8,4,1
PSU_CENTRE_CMDAC_APPLES_1,TP862382065548868,6091,5/1/2024,Centre,40.7607,-77.8821,Apples,Codling moth,Cydia pomonella,0,0.14,0.43,,1,,1
PSU_CENTRE_CMDAC_APPLES_1,TP862382065548868,6091,5/2/2024,Centre,40.7607,-77.8821,Apples,Codling moth,Cydia pomonella,0,0.14,0.43,0,1,0,1
PSU_CENTRE_CMDAC_APPLES_1,TP862382065548868,6091,5/3/2024,Centre,40.7607,-77.8821,Apples,Codling moth,Cydia pomonella,1,0.14,0.43,1,2,1,1
PSU_CENTRE_CMDAC_APPLES_1,TP862382065548868,6091,6/3/2024,Centre,40.7607,-77.8821,Apples,Codling moth,Cydia pomonella,1,0.14,0.43,1,22,7,1
PSU_CENTRE_CMDAC_APPLES_1,TP862382065548868,6091,6/5/2024,Centre,40.7607,-77.8821,Apples,Codling moth,Cydia pomonella,1,0.14,0.43,1,23,7,1
PSU_CENTRE_CMDAC_APPLES_1,TP862382065548868,6091,7/4/2024,Centre,40.7607,-77.8821,Apples,Codling moth,Cydia pomonella,0,0.14,0.43,0,42,1,1
PSU_CENTRE_CMDAC_APPLES_1,TP862382065548868,6091,7/5/2024,Centre,40.7607,-77.8821,Apples,Codling moth,Cydia pomonella,0,0.14,0.43,0,42,1,1
PSU_CENTRE_CMDAC_APPLES_1,TP862382065548868,6091,7/6/2024,Centre,40.7607,-77.8821,Apples,Codling moth,Cydia pomonella,1,0.14,0.43,1,43,2,1
PSU_CENTRE_CMDAC_APPLES_2,TP862382065550062,6093,5/18/2024,Centre,40.7623,-77.8829,Apples,Codling moth,Cydia pomonella,0,0.14,0.43,0,1,1,1
PSU_CENTRE_CMDAC_APPLES_2,TP862382065550062,6093,5/19/2024,Centre,40.7623,-77.8829,Apples,Codling moth,Cydia pomonella,0,0.14,0.43,0,1,1,1
PSU_CENTRE_CMDAC_APPLES_2,TP862382065550062,6093,5/20/2024,Centre,40.7623,-77.8829,Apples,Codling moth,Cydia pomonella,1,0.14,0.43,1,2,2,1
PSU_CENTRE_CMDAC_APPLES_2,TP862382065550062,6093,5/31/2024,Centre,40.7623,-77.8829,Apples,Codling moth,Cydia pomonella,1,0.14,0.43,1,5,4,1
PSU_CENTRE_CMDAC_APPLES_2,TP862382065550062,6093,6/10/2024,Centre,40.7623,-77.8829,Apples,Codling moth,Cydia pomonella,0,0.14,0.43,0,8,4,1
PSU_CENTRE_CMDAC_APPLES_2,TP862382065550062,6093,6/11/2024,Centre,40.7623,-77.8829,Apples,Codling moth,Cydia pomonella,0,0.14,0.43,0,8,4,1
PSU_CENTRE_CMDAC_APPLES_2,TP862382065550062,6093,6/12/2024,Centre,40.7623,-77.8829,Apples,Codling moth,Cydia pomonella,1,0.14,0.43,1,9,5,1
PSU_CENTRE_CMDAC_APPLES_2,TP862382065550062,6093,6/14/2024,Centre,40.7623,-77.8829,Apples,Codling moth,Cydia pomonella,0,0.14,0.43,0,9,5,1
PSU_CENTRE_CMDAC_APPLES_2,TP862382065550062,6093,6/15/2024,Centre,40.7623,-77.8829,Apples,Codling moth,Cydia pomonella,0,0.14,0.43,0,9,5,1
PSU_CENTRE_CMDAC_APPLES_2,TP862382065550062,6093,6/16/2024,Centre,40.7623,-77.8829,Apples,Codling moth,Cydia pomonella,0,0.14,0.43,0,9,5,1
PSU_CENTRE_CMDAC_APPLES_2,TP862382065550062,6093,6/17/2024,Centre,40.7623,-77.8829,Apples,Codling moth,Cydia pomonella,3,0.14,0.43,3,12,8,1
PSU_CENTRE_CMDAC_APPLES_2,TP862382065550062,6093,7/13/2024,Centre,40.7623,-77.8829,Apples,Codling moth,Cydia pomonella,2,0.14,0.43,2,26,6,1
PSU_DAUPHIN_CMDAC_APPLES_3,TP862382065579277,6007,4/21/2024,Dauphin,40.2501,-76.7659,Apples,Codling moth,Cydia pomonella,0,0.14,0.43,0,0,0,0
PSU_DAUPHIN_CMDAC_APPLES_3,TP862382065579277,6007,4/22/2024,Dauphin,40.2501,-76.7659,Apples,Codling moth,Cydia pomonella,0,0.14,0.43,0,0,0,0
PSU_DAUPHIN_CMDAC_APPLES_3,TP862382065579277,6007,4/23/2024,Dauphin,40.2501,-76.7659,Apples,Codling moth,Cydia pomonella,0,0.14,0.43,0,0,0,0
PSU_DAUPHIN_CMDAC_APPLES_3,TP862382065579277,6007,4/24/2024,Dauphin,40.2501,-76.7659,Apples,Codling moth,Cydia pomonella,0,0.14,0.43,0,0,0,0
PSU_DAUPHIN_CMDAC_APPLES_3,TP862382065579277,6007,4/25/2024,Dauphin,40.2501,-76.7659,Apples,Codling moth,Cydia pomonella,0,0.14,0.43,0,0,0,0
PSU_DAUPHIN_CMDAC_APPLES_3,TP862382065579277,6007,4/26/2024,Dauphin,40.2501,-76.7659,Apples,Codling moth,Cydia pomonella,0,0.14,0.43,0,0,0,0
PSU_DAUPHIN_CMDAC_APPLES_3,TP862382065579277,6007,4/27/2024,Dauphin,40.2501,-76.7659,Apples,Codling moth,Cydia pomonella,0,0.14,0.43,0,0,0,0
PSU_DAUPHIN_CMDAC_APPLES_3,TP862382065579277,6007,4/28/2024,Dauphin,40.2501,-76.7659,Apples,Codling moth,Cydia pomonella,0,0.14,0.43,0,0,0,0
PSU_DAUPHIN_CMDAC_APPLES_3,TP862382065579277,6007,4/29/2024,Dauphin,40.2501,-76.7659,Apples,Codling moth,Cydia pomonella,2,0.14,0.43,,0,,0
PSU_DAUPHIN_CMDAC_APPLES_3,TP862382065579277,6007,4/30/2024,Dauphin,40.2501,-76.7659,Apples,Codling moth,Cydia pomonella,2,0.14,0.43,4,4,4,0
PSU_DAUPHIN_CMDAC_APPLES_3,TP862382065579277,6007,7/14/2024,Dauphin,40.2501,-76.7659,Apples,Codling moth,Cydia pomonella,0,0.14,0.43,0,126,1,0
PSU_DAUPHIN_CMDAC_APPLES_3,TP862382065579277,6007,7/15/2024,Dauphin,40.2501,-76.7659,Apples,Codling moth,Cydia pomonella,0,0.14,0.43,0,126,1,0
PSU_DAUPHIN_CMDAC_APPLES_3,TP862382065579277,6007,7/16/2024,Dauphin,40.2501,-76.7659,Apples,Codling moth,Cydia pomonella,0,0.14,0.43,0,126,1,0
PSU_DAUPHIN_CMDAC_APPLES_1,TP862382065585415,6005,4/21/2024,Dauphin,40.2536,-76.7684,Apples,Codling moth,Cydia pomonella,2,0.14,0.43,2,2,2,0
PSU_DAUPHIN_CMDAC_APPLES_1,TP862382065585415,6005,4/29/2024,Dauphin,40.2536,-76.7684,Apples,Codling moth,Cydia pomonella,1,0.14,0.43,1,3,1,0
PSU_DAUPHIN_CMDAC_APPLES_1,TP862382065585415,6005,7/5/2024,Dauphin,40.2536,-76.7684,Apples,Codling moth,Cydia pomonella,0,0.14,0.43,0,87,1,0
PSU_DAUPHIN_CMDAC_APPLES_1,TP862382065585415,6005,7/6/2024,Dauphin,40.2536,-76.7684,Apples,Codling moth,Cydia pomonella,0,0.14,0.43,0,87,1,0
PSU_DAUPHIN_CMDAC_APPLES_1,TP862382065585415,6005,7/7/2024,Dauphin,40.2536,-76.7684,Apples,Codling moth,Cydia pomonella,0,0.14,0.43,0,87,1,0
PSU_DAUPHIN_CMDAC_APPLES_1,TP862382065585415,6005,7/8/2024,Dauphin,40.2536,-76.7684,Apples,Codling moth,Cydia pomonella,0,0.14,0.43,0,87,0,0
PSU_DAUPHIN_CMDAC_APPLES_1,TP862382065585415,6005,7/9/2024,Dauphin,40.2536,-76.7684,Apples,Codling moth,Cydia pomonella,0,0.14,0.43,0,87,0,0
PSU_DAUPHIN_CMDAC_APPLES_1,TP862382065585415,6005,7/10/2024,Dauphin,40.2536,-76.7684,Apples,Codling moth,Cydia pomonella,0,0.14,0.43,0,87,0,0
PSU_DAUPHIN_CMDAC_APPLES_1,TP862382065585415,6005,7/11/2024,Dauphin,40.2536,-76.7684,Apples,Codling moth,Cydia pomonella,0,0.14,0.43,0,87,0,0
PSU_DAUPHIN_CMDAC_APPLES_1,TP862382065585415,6005,7/12/2024,Dauphin,40.2536,-76.7684,Apples,Codling moth,Cydia pomonella,0,0.14,0.43,0,87,0,0
PSU_DAUPHIN_CMDAC_APPLES_1,TP862382065585415,6005,7/13/2024,Dauphin,40.2536,-76.7684,Apples,Codling moth,Cydia pomonella,0,0.14,0.43,0,87,0,0
PSU_DAUPHIN_CMDAC_APPLES_1,TP862382065585415,6005,7/14/2024,Dauphin,40.2536,-76.7684,Apples,Codling moth,Cydia pomonella,0,0.14,0.43,0,87,0,0
PSU_DAUPHIN_CMDAC_APPLES_1,TP862382065585415,6005,7/15/2024,Dauphin,40.2536,-76.7684,Apples,Codling moth,Cydia pomonella,0,0.14,0.43,0,87,0,0
PSU_DAUPHIN_CMDAC_APPLES_1,TP862382065585415,6005,7/16/2024,Dauphin,40.2536,-76.7684,Apples,Codling moth,Cydia pomonella,0,0.14,0.43,0,87,0,0
PSU_BERKS_CMDAC_APPLES_1,TP862382065571092,6333,4/29/2024,Berks,40.3337,-75.6654,Apples,Codling moth,Cydia pomonella,0,0.14,0.43,,0,,0
PSU_BERKS_CMDAC_APPLES_1,TP862382065571092,6333,4/30/2024,Berks,40.3337,-75.6654,Apples,Codling moth,Cydia pomonella,0,0.14,0.43,0,0,0,0
PSU_BERKS_CMDAC_APPLES_1,TP862382065571092,6333,5/1/2024,Berks,40.3337,-75.6654,Apples,Codling moth,Cydia pomonella,1,0.14,0.43,1,1,1,0
PSU_BERKS_CMDAC_APPLES_1,TP862382065571092,6333,5/9/2024,Berks,40.3337,-75.6654,Apples,Codling moth,Cydia pomonella,0,0.14,0.43,0,1,0,0
PSU_BERKS_CMDAC_APPLES_1,TP862382065571092,6333,5/10/2024,Berks,40.3337,-75.6654,Apples,Codling moth,Cydia pomonella,0,0.14,0.43,0,1,0,0
PSU_BERKS_CMDAC_APPLES_1,TP862382065571092,6333,5/11/2024,Berks,40.3337,-75.6654,Apples,Codling moth,Cydia pomonella,0,0.14,0.43,,1,,0
PSU_BERKS_CMDAC_APPLES_1,TP862382065571092,6333,5/12/2024,Berks,40.3337,-75.6654,Apples,Codling moth,Cydia pomonella,0,0.14,0.43,,1,,0
PSU_BERKS_CMDAC_APPLES_1,TP862382065571092,6333,5/13/2024,Berks,40.3337,-75.6654,Apples,Codling moth,Cydia pomonella,0,0.14,0.43,,1,,0
PSU_BERKS_CMDAC_APPLES_1,TP862382065571092,6333,5/14/2024,Berks,40.3337,-75.6654,Apples,Codling moth,Cydia pomonella,0,0.14,0.43,,1,,0
PSU_BERKS_CMDAC_APPLES_1,TP862382065571092,6333,5/15/2024,Berks,40.3337,-75.6654,Apples,Codling moth,Cydia pomonella,0,0.14,0.43,,1,,0
PSU_BERKS_CMDAC_APPLES_1,TP862382065571092,6333,5/16/2024,Berks,40.3337,-75.6654,Apples,Codling moth,Cydia pomonella,0,0.14,0.43,,1,,0
PSU_BERKS_CMDAC_APPLES_1,TP862382065571092,6333,5/17/2024,Berks,40.3337,-75.6654,Apples,Codling moth,Cydia pomonella,0,0.14,0.43,0,1,0,0
PSU_BERKS_CMDAC_APPLES_1,TP862382065571092,6333,5/18/2024,Berks,40.3337,-75.6654,Apples,Codling moth,Cydia pomonella,0,0.14,0.43,0,1,0,0
PSU_BERKS_CMDAC_APPLES_1,TP862382065571092,6333,5/19/2024,Berks,40.3337,-75.6654,Apples,Codling moth,Cydia pomonella,0,0.14,0.43,0,1,0,0
PSU_BERKS_CMDAC_APPLES_1,TP862382065571092,6333,5/20/2024,Berks,40.3337,-75.6654,Apples,Codling moth,Cydia pomonella,0,0.14,0.43,0,1,0,0
PSU_BERKS_CMDAC_APPLES_1,TP862382065571092,6333,5/21/2024,Berks,40.3337,-75.6654,Apples,Codling moth,Cydia pomonella,0,0.14,0.43,0,1,0,0
PSU_BERKS_CMDAC_APPLES_1,TP862382065571092,6333,5/22/2024,Berks,40.3337,-75.6654,Apples,Codling moth,Cydia pomonella,0,0.14,0.43,0,1,0,0
PSU_BERKS_CMDAC_APPLES_1,TP862382065571092,6333,5/23/2024,Berks,40.3337,-75.6654,Apples,Codling moth,Cydia pomonella,0,0.14,0.43,0,1,0,0
PSU_BERKS_CMDAC_APPLES_1,TP862382065571092,6333,5/24/2024,Berks,40.3337,-75.6654,Apples,Codling moth,Cydia pomonella,0,0.14,0.43,0,1,0,0
PSU_BERKS_CMDAC_APPLES_1,TP862382065571092,6333,5/25/2024,Berks,40.3337,-75.6654,Apples,Codling moth,Cydia pomonella,2,0.14,0.43,2,3,2,0
PSU_BERKS_CMDAC_APPLES_1,TP862382065571092,6333,6/18/2024,Berks,40.3337,-75.6654,Apples,Codling moth,Cydia pomonella,0,0.14,0.43,0,10,1,0
PSU_BERKS_CMDAC_APPLES_1,TP862382065571092,6333,6/19/2024,Berks,40.3337,-75.6654,Apples,Codling moth,Cydia pomonella,0,0.14,0.43,0,10,1,0
PSU_BERKS_CMDAC_APPLES_1,TP862382065571092,6333,6/20/2024,Berks,40.3337,-75.6654,Apples,Codling moth,Cydia pomonella,0,0.14,0.43,0,10,1,0
PSU_BERKS_CMDAC_APPLES_1,TP862382065571092,6333,6/21/2024,Berks,40.3337,-75.6654,Apples,Codling moth,Cydia pomonella,0,0.14,0.43,0,10,1,0
PSU_BERKS_CMDAC_APPLES_1,TP862382065571092,6333,6/22/2024,Berks,40.3337,-75.6654,Apples,Codling moth,Cydia pomonella,0,0.14,0.43,0,10,1,0
PSU_BERKS_CMDAC_APPLES_1,TP862382065571092,6333,6/23/2024,Berks,40.3337,-75.6654,Apples,Codling moth,Cydia pomonella,0,0.14,0.43,0,10,1,0
PSU_BERKS_CMDAC_APPLES_1,TP862382065571092,6333,6/24/2024,Berks,40.3337,-75.6654,Apples,Codling moth,Cydia pomonella,0,0.14,0.43,0,10,1,0
PSU_BERKS_CMDAC_APPLES_1,TP862382065571092,6333,6/25/2024,Berks,40.3337,-75.6654,Apples,Codling moth,Cydia pomonella,0,0.14,0.43,0,10,0,0
PSU_BERKS_CMDAC_APPLES_1,TP862382065571092,6333,6/26/2024,Berks,40.3337,-75.6654,Apples,Codling moth,Cydia pomonella,1,0.14,0.43,1,11,1,0
PSU_BERKS_CMDAC_APPLES_1,TP862382065571092,6333,7/11/2024,Berks,40.3337,-75.6654,Apples,Codling moth,Cydia pomonella,0,0.14,0.43,0,12,0,0
PSU_BERKS_CMDAC_APPLES_1,TP862382065571092,6333,7/12/2024,Berks,40.3337,-75.6654,Apples,Codling moth,Cydia pomonella,0,0.14,0.43,0,12,0,0
PSU_BERKS_CMDAC_APPLES_1,TP862382065571092,6333,7/13/2024,Berks,40.3337,-75.6654,Apples,Codling moth,Cydia pomonella,0,0.14,0.43,0,12,0,0
PSU_BERKS_CMDAC_APPLES_1,TP862382065571092,6333,7/14/2024,Berks,40.3337,-75.6654,Apples,Codling moth,Cydia pomonella,0,0.14,0.43,0,12,0,0
PSU_BERKS_CMDAC_APPLES_1,TP862382065571092,6333,7/15/2024,Berks,40.3337,-75.6654,Apples,Codling moth,Cydia pomonella,0,0.14,0.43,0,12,0,0
PSU_BERKS_CMDAC_APPLES_1,TP862382065571092,6333,7/16/2024,Berks,40.3337,-75.6654,Apples,Codling moth,Cydia pomonella,0,0.14,0.43,0,12,0,0
PSU_BERKS_CMDAC_APPLES_2,TP862382065550526,6335,5/12/2024,Berks,40.335,-75.6686,Apples,Codling moth,Cydia pomonella,0,0.14,0.43,0,1,1,0
PSU_BERKS_CMDAC_APPLES_2,TP862382065550526,6335,5/13/2024,Berks,40.335,-75.6686,Apples,Codling moth,Cydia pomonella,0.2,0.14,0.43,,1,,0
PSU_BERKS_CMDAC_APPLES_2,TP862382065550526,6335,5/14/2024,Berks,40.335,-75.6686,Apples,Codling moth,Cydia pomonella,0.2,0.14,0.43,,1,,0
PSU_BERKS_CMDAC_APPLES_2,TP862382065550526,6335,5/15/2024,Berks,40.335,-75.6686,Apples,Codling moth,Cydia pomonella,0.2,0.14,0.43,,1,,0
PSU_BERKS_CMDAC_APPLES_2,TP862382065550526,6335,5/16/2024,Berks,40.335,-75.6686,Apples,Codling moth,Cydia pomonella,0.2,0.14,0.43,,1,,0
PSU_BERKS_CMDAC_APPLES_2,TP862382065550526,6335,5/17/2024,Berks,40.335,-75.6686,Apples,Codling moth,Cydia pomonella,0.2,0.14,0.43,,1,,0
PSU_BERKS_CMDAC_APPLES_2,TP862382065550526,6335,5/18/2024,Berks,40.335,-75.6686,Apples,Codling moth,Cydia pomonella,0.2,0.14,0.43,,1,,0
PSU_BERKS_CMDAC_APPLES_2,TP862382065550526,6335,5/19/2024,Berks,40.335,-75.6686,Apples,Codling moth,Cydia pomonella,0.2,0.14,0.43,,1,,0
PSU_BERKS_CMDAC_APPLES_2,TP862382065550526,6335,6/22/2024,Berks,40.335,-75.6686,Apples,Codling moth,Cydia pomonella,0,0.14,0.43,0,14,9,0
PSU_BERKS_CMDAC_APPLES_2,TP862382065550526,6335,6/23/2024,Berks,40.335,-75.6686,Apples,Codling moth,Cydia pomonella,0,0.14,0.43,,14,,0
PSU_BERKS_CMDAC_APPLES_2,TP862382065550526,6335,6/24/2024,Berks,40.335,-75.6686,Apples,Codling moth,Cydia pomonella,0,0.14,0.43,0,14,7,0
PSU_BERKS_CMDAC_APPLES_2,TP862382065550526,6335,6/25/2024,Berks,40.335,-75.6686,Apples,Codling moth,Cydia pomonella,0,0.14,0.43,0,14,6,0
PSU_BERKS_CMDAC_APPLES_2,TP862382065550526,6335,6/26/2024,Berks,40.335,-75.6686,Apples,Codling moth,Cydia pomonella,1,0.14,0.43,1,15,7,0
PSU_BERKS_CMDAC_APPLES_2,TP862382065550526,6335,7/5/2024,Berks,40.335,-75.6686,Apples,Codling moth,Cydia pomonella,0,0.14,0.43,0,16,0,0
PSU_BERKS_CMDAC_APPLES_2,TP862382065550526,6335,7/6/2024,Berks,40.335,-75.6686,Apples,Codling moth,Cydia pomonella,0,0.14,0.43,0,16,0,0
PSU_BERKS_CMDAC_APPLES_2,TP862382065550526,6335,7/7/2024,Berks,40.335,-75.6686,Apples,Codling moth,Cydia pomonella,0,0.14,0.43,0,16,0,0
PSU_BERKS_CMDAC_APPLES_2,TP862382065550526,6335,7/8/2024,Berks,40.335,-75.6686,Apples,Codling moth,Cydia pomonella,0,0.14,0.43,0,16,0,0
PSU_BERKS_CMDAC_APPLES_2,TP862382065550526,6335,7/9/2024,Berks,40.335,-75.6686,Apples,Codling moth,Cydia pomonella,0,0.14,0.43,0,16,0,0
PSU_BERKS_CMDAC_APPLES_2,TP862382065550526,6335,7/10/2024,Berks,40.335,-75.6686,Apples,Codling moth,Cydia pomonella,0,0.14,0.43,0,16,0,0
PSU_BERKS_CMDAC_APPLES_2,TP862382065550526,6335,7/11/2024,Berks,40.335,-75.6686,Apples,Codling moth,Cydia pomonella,0,0.14,0.43,0,16,0,0
PSU_BERKS_CMDAC_APPLES_2,TP862382065550526,6335,7/12/2024,Berks,40.335,-75.6686,Apples,Codling moth,Cydia pomonella,0,0.14,0.43,0,16,0,0
PSU_BERKS_CMDAC_APPLES_2,TP862382065550526,6335,7/13/2024,Berks,40.335,-75.6686,Apples,Codling moth,Cydia pomonella,0,0.14,0.43,0,16,0,0
PSU_BERKS_CMDAC_APPLES_2,TP862382065550526,6335,7/14/2024,Berks,40.335,-75.6686,Apples,Codling moth,Cydia pomonella,0,0.14,0.43,0,16,0,0
PSU_BERKS_CMDAC_APPLES_2,TP862382065550526,6335,7/15/2024,Berks,40.335,-75.6686,Apples,Codling moth,Cydia pomonella,1,0.14,0.43,1,17,1,0
PSU_CENTRE_CMDAC_APPLES_3,TP862382065565474,6097,4/21/2024,Centre,40.7598,-77.8813,Apples,Codling moth,Cydia pomonella,0,0.14,0.43,0,0,0,0
PSU_CENTRE_CMDAC_APPLES_3,TP862382065565474,6097,4/22/2024,Centre,40.7598,-77.8813,Apples,Codling moth,Cydia pomonella,0,0.14,0.43,0,0,0,0
PSU_CENTRE_CMDAC_APPLES_3,TP862382065565474,6097,4/23/2024,Centre,40.7598,-77.8813,Apples,Codling moth,Cydia pomonella,0,0.14,0.43,0,0,0,0
PSU_CENTRE_CMDAC_APPLES_3,TP862382065565474,6097,4/24/2024,Centre,40.7598,-77.8813,Apples,Codling moth,Cydia pomonella,0,0.14,0.43,0,0,0,0
PSU_CENTRE_CMDAC_APPLES_3,TP862382065565474,6097,4/25/2024,Centre,40.7598,-77.8813,Apples,Codling moth,Cydia pomonella,0,0.14,0.43,0,0,0,0
PSU_CENTRE_CMDAC_APPLES_3,TP862382065565474,6097,4/26/2024,Centre,40.7598,-77.8813,Apples,Codling moth,Cydia pomonella,0,0.14,0.43,0,0,0,0
PSU_CENTRE_CMDAC_APPLES_3,TP862382065565474,6097,4/27/2024,Centre,40.7598,-77.8813,Apples,Codling moth,Cydia pomonella,0,0.14,0.43,0,0,0,0
PSU_CENTRE_CMDAC_APPLES_3,TP862382065565474,6097,4/28/2024,Centre,40.7598,-77.8813,Apples,Codling moth,Cydia pomonella,0,0.14,0.43,0,0,0,0
PSU_CENTRE_CMDAC_APPLES_3,TP862382065565474,6097,4/29/2024,Centre,40.7598,-77.8813,Apples,Codling moth,Cydia pomonella,0,0.14,0.43,0,0,0,0
PSU_CENTRE_CMDAC_APPLES_3,TP862382065565474,6097,4/30/2024,Centre,40.7598,-77.8813,Apples,Codling moth,Cydia pomonella,0,0.14,0.43,0,0,0,0
PSU_CENTRE_CMDAC_APPLES_3,TP862382065565474,6097,5/1/2024,Centre,40.7598,-77.8813,Apples,Codling moth,Cydia pomonella,0,0.14,0.43,0,0,0,0
PSU_CENTRE_CMDAC_APPLES_3,TP862382065565474,6097,5/2/2024,Centre,40.7598,-77.8813,Apples,Codling moth,Cydia pomonella,0,0.14,0.43,0,0,0,0
PSU_CENTRE_CMDAC_APPLES_3,TP862382065565474,6097,5/3/2024,Centre,40.7598,-77.8813,Apples,Codling moth,Cydia pomonella,0,0.14,0.43,0,0,0,0
PSU_CENTRE_CMDAC_APPLES_3,TP862382065565474,6097,5/4/2024,Centre,40.7598,-77.8813,Apples,Codling moth,Cydia pomonella,1,0.14,0.43,1,1,1,0
PSU_CENTRE_CMDAC_APPLES_1,TP862382065548868,6091,4/21/2024,Centre,40.7607,-77.8821,Apples,Codling moth,Cydia pomonella,0,0.14,0.43,0,0,0,0
PSU_CENTRE_CMDAC_APPLES_1,TP862382065548868,6091,4/22/2024,Centre,40.7607,-77.8821,Apples,Codling moth,Cydia pomonella,0,0.14,0.43,0,0,0,0
PSU_CENTRE_CMDAC_APPLES_1,TP862382065548868,6091,4/23/2024,Centre,40.7607,-77.8821,Apples,Codling moth,Cydia pomonella,0,0.14,0.43,0,0,0,0
PSU_CENTRE_CMDAC_APPLES_1,TP862382065548868,6091,4/24/2024,Centre,40.7607,-77.8821,Apples,Codling moth,Cydia pomonella,0,0.14,0.43,0,0,0,0
PSU_CENTRE_CMDAC_APPLES_1,TP862382065548868,6091,4/25/2024,Centre,40.7607,-77.8821,Apples,Codling moth,Cydia pomonella,0,0.14,0.43,0,0,0,0
PSU_CENTRE_CMDAC_APPLES_1,TP862382065548868,6091,4/26/2024,Centre,40.7607,-77.8821,Apples,Codling moth,Cydia pomonella,0,0.14,0.43,0,0,0,0
PSU_CENTRE_CMDAC_APPLES_1,TP862382065548868,6091,4/27/2024,Centre,40.7607,-77.8821,Apples,Codling moth,Cydia pomonella,0,0.14,0.43,0,0,0,0
PSU_CENTRE_CMDAC_APPLES_1,TP862382065548868,6091,4/28/2024,Centre,40.7607,-77.8821,Apples,Codling moth,Cydia pomonella,0,0.14,0.43,0,0,0,0
PSU_CENTRE_CMDAC_APPLES_1,TP862382065548868,6091,4/29/2024,Centre,40.7607,-77.8821,Apples,Codling moth,Cydia pomonella,0,0.14,0.43,0,0,0,0
PSU_CENTRE_CMDAC_APPLES_1,TP862382065548868,6091,4/30/2024,Centre,40.7607,-77.8821,Apples,Codling moth,Cydia pomonella,1,0.14,0.43,1,1,1,0
PSU_CENTRE_CMDAC_APPLES_2,TP862382065550062,6093,4/21/2024,Centre,40.7623,-77.8829,Apples,Codling moth,Cydia pomonella,0,0.14,0.43,0,0,0,0
PSU_CENTRE_CMDAC_APPLES_2,TP862382065550062,6093,4/22/2024,Centre,40.7623,-77.8829,Apples,Codling moth,Cydia pomonella,0,0.14,0.43,0,0,0,0
PSU_CENTRE_CMDAC_APPLES_2,TP862382065550062,6093,4/23/2024,Centre,40.7623,-77.8829,Apples,Codling moth,Cydia pomonella,0,0.14,0.43,0,0,0,0
PSU_CENTRE_CMDAC_APPLES_2,TP862382065550062,6093,4/24/2024,Centre,40.7623,-77.8829,Apples,Codling moth,Cydia pomonella,0,0.14,0.43,0,0,0,0
PSU_CENTRE_CMDAC_APPLES_2,TP862382065550062,6093,4/25/2024,Centre,40.7623,-77.8829,Apples,Codling moth,Cydia pomonella,0,0.14,0.43,0,0,0,0
PSU_CENTRE_CMDAC_APPLES_2,TP862382065550062,6093,4/26/2024,Centre,40.7623,-77.8829,Apples,Codling moth,Cydia pomonella,0,0.14,0.43,0,0,0,0
PSU_CENTRE_CMDAC_APPLES_2,TP862382065550062,6093,4/27/2024,Centre,40.7623,-77.8829,Apples,Codling moth,Cydia pomonella,0,0.14,0.43,0,0,0,0
PSU_CENTRE_CMDAC_APPLES_2,TP862382065550062,6093,4/28/2024,Centre,40.7623,-77.8829,Apples,Codling moth,Cydia pomonella,0,0.14,0.43,0,0,0,0
PSU_CENTRE_CMDAC_APPLES_2,TP862382065550062,6093,4/29/2024,Centre,40.7623,-77.8829,Apples,Codling moth,Cydia pomonella,0,0.14,0.43,0,0,0,0
PSU_CENTRE_CMDAC_APPLES_2,TP862382065550062,6093,4/30/2024,Centre,40.7623,-77.8829,Apples,Codling moth,Cydia pomonella,0,0.14,0.43,0,0,0,0
PSU_CENTRE_CMDAC_APPLES_2,TP862382065550062,6093,5/1/2024,Centre,40.7623,-77.8829,Apples,Codling moth,Cydia pomonella,0,0.14,0.43,0,0,0,0
PSU_CENTRE_CMDAC_APPLES_2,TP862382065550062,6093,5/2/2024,Centre,40.7623,-77.8829,Apples,Codling moth,Cydia pomonella,0,0.14,0.43,0,0,0,0
PSU_CENTRE_CMDAC_APPLES_2,TP862382065550062,6093,5/3/2024,Centre,40.7623,-77.8829,Apples,Codling moth,Cydia pomonella,0,0.14,0.43,0,0,0,0
PSU_CENTRE_CMDAC_APPLES_2,TP862382065550062,6093,5/4/2024,Centre,40.7623,-77.8829,Apples,Codling moth,Cydia pomonella,0,0.14,0.43,0,0,0,0
PSU_CENTRE_CMDAC_APPLES_2,TP862382065550062,6093,5/5/2024,Centre,40.7623,-77.8829,Apples,Codling moth,Cydia pomonella,0,0.14,0.43,0,0,0,0
PSU_CENTRE_CMDAC_APPLES_2,TP862382065550062,6093,5/6/2024,Centre,40.7623,-77.8829,Apples,Codling moth,Cydia pomonella,0,0.14,0.43,0,0,0,0
PSU_CENTRE_CMDAC_APPLES_2,TP862382065550062,6093,5/7/2024,Centre,40.7623,-77.8829,Apples,Codling moth,Cydia pomonella,0,0.14,0.43,0,0,0,0
PSU_CENTRE_CMDAC_APPLES_2,TP862382065550062,6093,5/8/2024,Centre,40.7623,-77.8829,Apples,Codling moth,Cydia pomonella,0,0.14,0.43,0,0,0,0
PSU_CENTRE_CMDAC_APPLES_2,TP862382065550062,6093,5/9/2024,Centre,40.7623,-77.8829,Apples,Codling moth,Cydia pomonella,0,0.14,0.43,0,0,0,0
PSU_CENTRE_CMDAC_APPLES_2,TP862382065550062,6093,5/10/2024,Centre,40.7623,-77.8829,Apples,Codling moth,Cydia pomonella,0,0.14,0.43,0,0,0,0
PSU_CENTRE_CMDAC_APPLES_2,TP862382065550062,6093,5/11/2024,Centre,40.7623,-77.8829,Apples,Codling moth,Cydia pomonella,0,0.14,0.43,0,0,0,0
PSU_CENTRE_CMDAC_APPLES_2,TP862382065550062,6093,5/12/2024,Centre,40.7623,-77.8829,Apples,Codling moth,Cydia pomonella,0,0.14,0.43,0,0,0,0
PSU_CENTRE_CMDAC_APPLES_2,TP862382065550062,6093,5/13/2024,Centre,40.7623,-77.8829,Apples,Codling moth,Cydia pomonella,0,0.14,0.43,0,0,0,0
PSU_CENTRE_CMDAC_APPLES_2,TP862382065550062,6093,5/14/2024,Centre,40.7623,-77.8829,Apples,Codling moth,Cydia pomonella,0,0.14,0.43,0,0,0,0
PSU_CENTRE_CMDAC_APPLES_2,TP862382065550062,6093,5/15/2024,Centre,40.7623,-77.8829,Apples,Codling moth,Cydia pomonella,0,0.14,0.43,0,0,0,0
PSU_CENTRE_CMDAC_APPLES_2,TP862382065550062,6093,5/16/2024,Centre,40.7623,-77.8829,Apples,Codling moth,Cydia pomonella,0,0.14,0.43,0,0,0,0
PSU_CENTRE_CMDAC_APPLES_2,TP862382065550062,6093,5/17/2024,Centre,40.7623,-77.8829,Apples,Codling moth,Cydia pomonella,1,0.14,0.43,1,1,1,0
PSU_DAUPHIN_CMDAC_APPLES_3,TP862382065579277,6007,4/20/2024,Dauphin,40.2501,-76.7659,Apples,Codling moth,Cydia pomonella,0,0.14,0.43,0,0,0,
PSU_DAUPHIN_CMDAC_APPLES_2,TP862382065572926,6006,6/23/2024,Dauphin,40.2533,-76.7723,Apples,Codling moth,Cydia pomonella,0.5303,0.14,0.43,35,35,35,
PSU_DAUPHIN_CMDAC_APPLES_1,TP862382065585415,6005,4/20/2024,Dauphin,40.2536,-76.7684,Apples,Codling moth,Cydia pomonella,0,0.14,0.43,0,0,0,
PSU_BERKS_CMDAC_APPLES_1,TP862382065571092,6333,4/28/2024,Berks,40.3337,-75.6654,Apples,Codling moth,Cydia pomonella,0,0.14,0.43,0,0,0,
PSU_BERKS_CMDAC_APPLES_2,TP862382065550526,6335,5/4/2024,Berks,40.335,-75.6686,Apples,Codling moth,Cydia pomonella,0.125,0.14,0.43,1,1,1,
PSU_BERKS_CMDAC_APPLES_2,TP862382065550526,6335,5/20/2024,Berks,40.335,-75.6686,Apples,Codling moth,Cydia pomonella,0.2,0.14,0.43,,1,,
PSU_BERKS_CMDAC_APPLES_2,TP862382065550526,6335,5/21/2024,Berks,40.335,-75.6686,Apples,Codling moth,Cydia pomonella,0.2,0.14,0.43,,1,,
PSU_BERKS_CMDAC_APPLES_2,TP862382065550526,6335,5/22/2024,Berks,40.335,-75.6686,Apples,Codling moth,Cydia pomonella,0.2,0.14,0.43,2,3,3,
PSU_BERKS_CMDAC_APPLES_2,TP862382065550526,6335,5/30/2024,Berks,40.335,-75.6686,Apples,Codling moth,Cydia pomonella,0.5333,0.14,0.43,,3,,
PSU_BERKS_CMDAC_APPLES_2,TP862382065550526,6335,5/31/2024,Berks,40.335,-75.6686,Apples,Codling moth,Cydia pomonella,0.5333,0.14,0.43,,3,,
PSU_BERKS_CMDAC_APPLES_2,TP862382065550526,6335,6/1/2024,Berks,40.335,-75.6686,Apples,Codling moth,Cydia pomonella,0.5333,0.14,0.43,,3,,
PSU_BERKS_CMDAC_APPLES_2,TP862382065550526,6335,6/2/2024,Berks,40.335,-75.6686,Apples,Codling moth,Cydia pomonella,0.5333,0.14,0.43,,3,,
PSU_BERKS_CMDAC_APPLES_2,TP862382065550526,6335,6/3/2024,Berks,40.335,-75.6686,Apples,Codling moth,Cydia pomonella,0.5333,0.14,0.43,,3,,
PSU_BERKS_CMDAC_APPLES_2,TP862382065550526,6335,6/4/2024,Berks,40.335,-75.6686,Apples,Codling moth,Cydia pomonella,0.5333,0.14,0.43,,3,,
PSU_BERKS_CMDAC_APPLES_2,TP862382065550526,6335,6/5/2024,Berks,40.335,-75.6686,Apples,Codling moth,Cydia pomonella,0.5333,0.14,0.43,,3,,
PSU_BERKS_CMDAC_APPLES_2,TP862382065550526,6335,6/6/2024,Berks,40.335,-75.6686,Apples,Codling moth,Cydia pomonella,0.5333,0.14,0.43,8,11,8,
PSU_BERKS_CMDAC_APPLES_3,TP862382065553298,6336,6/6/2024,Berks,40.3354,-75.6697,Apples,Codling moth,Cydia pomonella,1.8049,0.14,0.43,74,74,74,
PSU_BERKS_CMDAC_APPLES_3,TP862382065571126,7647,6/7/2024,Berks,40.3354,-75.6696,Apples,Codling moth,Cydia pomonella,8,0.14,0.43,8,8,8,
PSU_CENTRE_CMDAC_APPLES_3,TP862382065565474,6097,4/20/2024,Centre,40.7598,-77.8813,Apples,Codling moth,Cydia pomonella,0,0.14,0.43,0,0,0,
PSU_CENTRE_CMDAC_APPLES_1,TP862382065548868,6091,4/20/2024,Centre,40.7607,-77.8821,Apples,Codling moth,Cydia pomonella,0,0.14,0.43,0,0,0,
PSU_CENTRE_CMDAC_APPLES_2,TP862382065550062,6093,4/20/2024,Centre,40.7623,-77.8829,Apples,Codling moth,Cydia pomonella,0,0.14,0.43,0,0,0,
,,,,,,,,,,,,,,,,
"Applied filters:
Date is on or after Sunday, March 03, 2024 and is before Friday, July 19, 2024
Country is Usa
crop_name is Apples
fields_region_state is Pennsylvania
pest_name is Cydia pomonella
reporting_group_name is PA PSU Research",,,,,,,,,,,,,,,,
